customer_id,card_no,transaction_amount,transaction_date
U772,3065XXXX6732,669.23,2025-05-02
U131,1037XXXX4507,865.45,2025-04-14
U964,8409XXXX7470,622.04,2024-12-05
U948,2203XXXX8308,320.82,2025-03-09
U689,3141XXXX3833,636.76,2024-12-15
U686,9234XXXX5492,921.78,2025-07-31
U593,1387XXXX4490,962.42,2025-06-23
U644,4896XXXX3940,579.75,2025-06-02
U421,7096XXXX9006,926.25,2025-05-19
U305,9348XXXX5840,675.72,2025-05-22
U362,0688XXXX7876,586.12,2025-10-15
U683,4764XXXX9660,452.7,2025-05-13
U767,6826XXXX2795,837.2,2025-10-14
U417,5638XXXX5523,230.53,2025-07-05
U686,5018XXXX3036,579.13,2025-07-02
U826,6505XXXX2650,42.28,2025-08-05
U228,1055XXXX1807,266.06,2025-02-14
U716,9325XXXX4161,979.83,2024-11-24
U772,5928XXXX0147,23.66,2025-03-10
U667,4461XXXX3255,680.01,2025-08-19
U507,5403XXXX6503,504.66,2025-08-16
U558,2483XXXX1849,132.09,2025-01-12
U838,2664XXXX8676,110.07,2024-11-01
U891,8176XXXX2292,726.68,2025-09-19
U346,5730XXXX5304,156.99,2024-11-15
U558,2906XXXX0952,506.12,2025-04-28
U379,8394XXXX5229,24.25,2025-01-02
U407,6885XXXX3397,559.01,2025-06-28
U213,4441XXXX2632,409.92,2024-12-13
U339,5874XXXX5585,791.09,2025-09-29
U929,5850XXXX7922,414.7,2024-10-23
U818,7443XXXX1568,258.61,2025-01-10
U988,9180XXXX7343,210.41,2025-10-13
U482,4543XXXX5643,519.75,2025-09-20
U777,5854XXXX0235,190.96,2024-11-28
U266,9744XXXX2715,165.92,2025-02-23
U263,2032XXXX9620,597.1,2024-11-13
U691,5886XXXX9582,504.07,2025-05-08
U169,1778XXXX1487,902.9,2025-01-30
U950,4988XXXX5650,89.77,2025-03-05
U489,8581XXXX6683,48.59,2025-01-09
U811,1792XXXX6638,576.55,2025-06-15
U716,1915XXXX3714,279.07,2025-03-08
U199,4359XXXX3851,605.26,2025-03-10
U546,6055XXXX6347,233.06,2025-04-21
U425,5355XXXX2150,466.79,2025-07-20
U186,9225XXXX3681,709.99,2025-09-07
U350,6599XXXX3045,841.49,2025-07-23
U725,4646XXXX4827,892.16,2024-11-15
U261,8937XXXX9189,956.47,2024-12-31
U904,0829XXXX0209,897.91,2025-02-21
U686,2371XXXX1237,206.1,2025-01-24
U667,0640XXXX9317,716.68,2025-02-12
U246,1224XXXX5644,541.25,2025-05-18
U387,1946XXXX6560,461.76,2024-11-30
U545,4828XXXX3194,298.93,2025-08-05
U543,9541XXXX7882,80.32,2025-07-25
U575,2717XXXX6367,386.19,2025-02-02
U494,1735XXXX7788,936.83,2025-10-08
U829,6033XXXX8010,956.13,2025-07-31
U844,4418XXXX9850,689.8,2025-02-26
U679,6329XXXX0527,970.69,2025-06-18
U167,4470XXXX8135,912.6,2025-07-29
U504,4860XXXX8056,325.9,2025-04-30
U994,5045XXXX4972,360.67,2025-07-11
U858,3707XXXX2176,477.88,2025-04-18
U227,2364XXXX3477,127.12,2025-08-18
U562,5433XXXX9388,760.55,2025-03-28
U748,3990XXXX4381,989.54,2024-11-30
U546,9324XXXX5086,696.78,2025-02-16
U932,6385XXXX3356,415.8,2025-09-22
U799,0364XXXX5421,358.48,2024-11-21
U112,2221XXXX9306,855.56,2025-06-15
U739,8199XXXX4088,751.89,2024-12-17
U322,1323XXXX8924,285.7,2025-05-19
U938,7781XXXX0423,116.66,2025-06-25
U666,7527XXXX1948,150.62,2025-08-19
U938,8173XXXX2450,718.45,2025-08-26
U575,3544XXXX4769,615.33,2024-11-17
U396,6857XXXX6535,784.84,2024-10-31
U912,0237XXXX3688,49.17,2025-08-14
U603,5797XXXX4010,973.61,2024-12-04
U731,5806XXXX5344,237.36,2024-12-13
U845,2674XXXX1191,367.93,2024-11-28
U509,5485XXXX1089,523.78,2024-11-04
U939,3174XXXX1505,258.07,2024-12-26
U524,1620XXXX6513,926.53,2025-06-03
U270,7705XXXX6536,629.9,2024-10-16
U539,1835XXXX8876,791.22,2024-11-13
U871,7607XXXX3929,221.06,2025-09-05
U250,5911XXXX0527,137.07,2024-10-26
U973,4975XXXX7894,643.64,2024-11-04
U253,5677XXXX6412,606.45,2025-08-21
U968,3170XXXX1594,173.5,2025-05-08
U774,0406XXXX8395,114.35,2025-03-05
U766,7979XXXX1438,666.88,2025-02-02
U587,1124XXXX8163,457.47,2025-06-30
U591,0658XXXX6754,520.38,2025-09-29
U228,8811XXXX1362,909.39,2024-11-23
U186,7932XXXX3361,200.11,2024-11-03
U902,5663XXXX7987,713.35,2025-01-26
U423,4278XXXX3656,131.3,2025-10-08
U206,6407XXXX2458,569.77,2024-11-05
U880,1877XXXX7408,547.13,2025-02-09
U621,9489XXXX1199,231.5,2025-05-31
U286,7054XXXX6048,880.8,2025-01-17
U683,9804XXXX4813,895.07,2024-11-18
U393,7797XXXX0717,312.6,2025-01-14
U669,5674XXXX6480,275.53,2025-10-07
U342,3914XXXX7112,32.99,2025-01-02
U920,9697XXXX5685,821.2,2025-03-10
U817,0103XXXX1020,953.41,2025-10-03
U998,7325XXXX2058,493.71,2025-03-30
U498,0871XXXX4367,18.5,2025-01-16
U383,5576XXXX1493,541.8,2024-12-24
U109,8551XXXX1021,93.11,2025-09-27
U587,2249XXXX6875,935.07,2025-06-14
U744,3757XXXX1381,469.86,2024-12-17
U368,5567XXXX6040,811.35,2025-01-04
U168,3281XXXX9949,636.61,2024-12-15
U969,2920XXXX7510,246.15,2025-05-12
U613,0071XXXX8374,982.97,2024-12-23
U799,0829XXXX5038,344.03,2025-08-12
U572,1158XXXX6658,590.2,2024-11-23
U952,4210XXXX8808,587.27,2025-05-28
U886,0565XXXX0643,377.09,2025-07-31
U952,7281XXXX4136,349.28,2025-02-17
U206,5459XXXX5575,321.13,2025-04-20
U369,9134XXXX8839,409.82,2025-01-02
U598,4810XXXX9230,526.11,2025-07-16
U820,1387XXXX2947,394.57,2025-07-11
U578,2482XXXX3005,968.08,2025-05-28
U663,6943XXXX7579,930.4,2025-01-27
U932,6160XXXX2945,423.44,2025-03-28
U940,0424XXXX3500,351.81,2025-10-08
U963,8158XXXX0546,871.03,2025-09-04
U543,9310XXXX2593,638.43,2025-06-16
U654,7813XXXX4688,802.81,2025-07-22
U746,4368XXXX3057,93.07,2025-05-09
U638,1703XXXX8830,924.84,2025-10-14
U753,6271XXXX1100,824.0,2025-03-22
U489,2776XXXX5944,698.87,2025-04-26
U235,5168XXXX7607,224.39,2025-01-22
U563,8546XXXX1679,720.44,2024-10-15
U546,6563XXXX9034,193.21,2025-06-14
U449,0654XXXX3832,153.97,2024-11-03
U229,0631XXXX3663,286.85,2025-06-15
U125,2350XXXX9725,426.45,2025-05-11
U418,5094XXXX8520,743.7,2025-06-11
U911,2078XXXX0803,519.54,2024-10-22
U184,5323XXXX3591,930.55,2025-05-26
U840,3546XXXX7780,568.88,2025-06-30
U852,7658XXXX2094,692.1,2025-03-25
U382,0729XXXX4590,483.25,2025-07-03
U252,1520XXXX9396,102.56,2025-03-17
U531,5156XXXX3697,287.94,2025-03-13
U445,5574XXXX6221,40.7,2025-01-21
U847,8722XXXX5730,500.93,2025-01-18
U744,0025XXXX7329,202.3,2025-08-10
U664,1484XXXX4284,937.25,2025-04-22
U218,2044XXXX2996,113.53,2025-01-08
U615,5028XXXX3780,395.07,2025-07-21
U387,4253XXXX2803,308.37,2025-08-10
U675,5614XXXX6829,79.5,2025-09-11
U714,5793XXXX9924,344.95,2025-04-24
U346,0310XXXX6631,363.36,2025-05-01
U414,8647XXXX4454,990.52,2025-07-04
U594,4679XXXX1897,913.41,2024-11-21
U524,8752XXXX6328,510.71,2025-09-21
U557,0752XXXX9484,886.71,2025-02-12
U544,4729XXXX3819,178.88,2025-01-25
U968,6474XXXX7059,568.94,2025-08-29
U274,2571XXXX0004,445.61,2025-01-31
U503,4691XXXX7875,132.21,2025-05-14
U411,6656XXXX0838,916.06,2025-04-03
U569,8944XXXX3234,177.34,2025-08-08
U268,5029XXXX6297,818.58,2024-12-11
U343,4010XXXX3472,312.22,2024-10-20
U450,5580XXXX6819,276.0,2025-09-09
U547,4710XXXX2098,203.08,2025-07-23
U102,9999XXXX7110,229.9,2025-03-24
U530,8464XXXX1704,934.53,2025-01-17
U308,2283XXXX0401,667.9,2025-03-06
U347,7265XXXX5243,706.9,2024-11-16
U860,5489XXXX1940,639.23,2025-05-06
U806,0896XXXX6089,936.0,2025-04-07
U521,9122XXXX4136,132.31,2025-04-25
U597,4134XXXX3023,765.44,2025-08-11
U334,7019XXXX5214,459.51,2025-07-24
U731,5966XXXX0390,862.35,2025-04-13
U157,9784XXXX5347,185.07,2025-09-30
U862,4362XXXX5474,723.45,2025-05-30
U674,2267XXXX2696,851.5,2025-01-10
U129,1331XXXX7776,547.16,2025-08-26
U880,5045XXXX3105,116.05,2024-10-29
U264,9757XXXX1015,716.66,2025-02-17
U756,5079XXXX9047,549.7,2025-08-28
U853,6557XXXX5988,568.46,2024-12-08
U235,6428XXXX3400,667.78,2025-02-27
U289,4069XXXX6166,355.15,2025-02-20
U592,6582XXXX9778,267.9,2024-11-27
U949,6465XXXX4586,609.87,2025-10-12
U516,9982XXXX0218,760.95,2025-04-02
U865,4230XXXX3853,230.2,2025-06-06
U313,2667XXXX9001,756.89,2025-02-06
U817,4643XXXX3842,822.38,2025-08-10
U708,3664XXXX6640,584.49,2025-03-20
U793,7325XXXX0980,485.32,2025-03-29
U111,6611XXXX7290,600.88,2025-08-20
U174,3137XXXX3099,272.87,2025-03-31
U702,0722XXXX4293,478.42,2024-12-08
U383,7573XXXX6010,57.76,2024-12-21
U290,0483XXXX4635,845.19,2025-10-08
U609,9230XXXX8171,903.44,2024-11-05
U103,0164XXXX5157,325.79,2025-04-19
U273,5746XXXX5318,942.77,2025-09-23
U176,7867XXXX3534,397.37,2025-04-15
U756,0272XXXX1150,124.96,2025-06-02
U689,7743XXXX2814,826.43,2025-07-26
U501,5159XXXX8882,893.25,2025-09-05
U489,0864XXXX6661,828.51,2024-11-18
U405,2703XXXX2574,84.66,2025-01-18
U454,0143XXXX9448,826.28,2025-06-06
U948,2169XXXX6037,904.19,2025-05-20
U829,5260XXXX9591,156.53,2025-03-09
U122,0388XXXX1877,430.6,2025-09-23
U371,1825XXXX2088,401.76,2025-02-02
U644,3151XXXX4409,509.31,2025-04-06
U414,2423XXXX2157,122.75,2025-07-12
U669,2043XXXX0560,998.56,2025-05-11
U838,8000XXXX3923,897.17,2025-08-12
U140,8425XXXX5565,930.73,2025-08-26
U219,5209XXXX3642,547.78,2025-09-10
U296,6552XXXX3019,641.38,2024-10-24
U683,9730XXXX8193,736.05,2025-09-12
U174,9689XXXX8400,590.47,2024-12-05
U509,2854XXXX5405,232.61,2025-09-12
U196,3780XXXX9351,349.84,2025-05-15
U340,3158XXXX9416,773.23,2025-04-19
U454,3481XXXX9006,982.76,2025-07-04
U313,5118XXXX2428,978.36,2025-08-14
U472,7130XXXX7161,537.23,2025-02-23
U277,1053XXXX9043,26.07,2024-12-01
U655,1178XXXX7771,454.11,2025-07-16
U430,3783XXXX5678,789.16,2024-12-25
U350,4426XXXX4751,895.64,2024-11-27
U984,2776XXXX2237,876.75,2025-10-11
U584,5017XXXX4478,334.13,2025-05-15
U886,9782XXXX5035,765.43,2025-08-16
U747,7722XXXX3201,941.36,2024-11-27
U563,8047XXXX9764,129.92,2025-03-15
U926,2056XXXX7017,284.37,2025-03-06
U676,6319XXXX8505,544.91,2025-07-21
U950,7548XXXX5393,423.79,2024-11-27
U212,7671XXXX8688,915.81,2025-01-05
U597,7627XXXX1474,546.1,2024-11-11
U692,6529XXXX3347,902.41,2024-12-27
U890,5049XXXX4194,727.18,2025-05-08
U288,3420XXXX4216,602.87,2025-10-04
U217,2981XXXX0056,985.14,2025-02-15
U354,7876XXXX1442,263.14,2025-02-12
U965,1101XXXX2075,728.99,2025-01-20
U274,3364XXXX1963,741.93,2025-05-15
U622,5047XXXX7503,376.35,2025-06-01
U756,5050XXXX6583,779.81,2025-10-09
U815,9933XXXX9324,251.56,2025-01-24
U639,0623XXXX9602,398.35,2025-04-03
U289,9007XXXX0423,212.47,2025-08-29
U863,0601XXXX2709,820.58,2025-05-24
U521,7667XXXX3880,290.78,2025-07-01
U491,7005XXXX8419,466.84,2025-03-27
U527,8219XXXX1017,880.38,2025-03-29
U528,5559XXXX6981,703.38,2025-10-08
U752,6498XXXX3945,678.24,2025-03-13
U344,7577XXXX1593,68.06,2025-09-19
U893,1467XXXX5619,348.88,2024-12-05
U166,6373XXXX1035,802.15,2024-10-23
U423,7526XXXX9271,795.89,2025-08-19
U530,5427XXXX9945,338.51,2025-07-17
U625,3159XXXX3124,514.06,2025-01-11
U377,1510XXXX3887,634.0,2025-03-14
U760,3494XXXX3915,74.05,2024-12-16
U925,5424XXXX4589,826.03,2024-11-18
U898,1242XXXX9671,138.56,2024-12-21
U375,6052XXXX9265,216.82,2024-12-22
U106,8974XXXX8887,125.28,2025-03-15
U716,7725XXXX7978,122.99,2025-03-25
U760,9162XXXX7344,576.14,2025-07-06
U316,2611XXXX8202,911.42,2024-12-07
U226,9297XXXX2865,984.03,2025-07-25
U139,2614XXXX1400,302.2,2025-03-26
U147,2370XXXX8031,403.64,2025-04-13
U270,5266XXXX2222,217.82,2025-06-17
U984,0476XXXX1722,835.94,2024-11-11
U564,6530XXXX0058,932.89,2024-12-20
U576,7063XXXX2893,683.88,2025-05-13
U191,3746XXXX4840,480.22,2025-04-20
U323,2896XXXX3259,26.93,2025-03-20
U319,7540XXXX9015,235.51,2025-01-22
U698,8938XXXX9884,250.96,2025-05-21
U858,5374XXXX6318,590.02,2024-12-29
U588,7188XXXX4478,499.07,2025-06-29
U209,6940XXXX9369,885.36,2025-05-23
U155,4292XXXX8807,251.4,2025-05-19
U110,3349XXXX0602,759.8,2025-09-24
U645,3469XXXX7999,143.52,2024-12-14
U614,9286XXXX2347,223.8,2025-02-24
U175,0856XXXX1576,754.35,2024-12-27
U950,7471XXXX0348,76.64,2025-03-18
U692,4404XXXX0791,704.09,2025-03-23
U271,9209XXXX3062,162.09,2025-01-06
U153,9272XXXX7999,773.29,2025-10-10
U840,3271XXXX1957,649.08,2025-08-22
U420,4308XXXX5858,134.13,2024-11-02
U764,0760XXXX9957,983.61,2024-11-03
U720,0017XXXX2228,925.62,2024-11-08
U180,1539XXXX3073,160.17,2025-04-03
U614,9886XXXX5751,159.14,2025-08-29
U738,4560XXXX2503,608.93,2025-04-20
U437,4417XXXX0922,495.66,2024-11-21
U424,0167XXXX2975,203.95,2025-05-14
U439,7507XXXX7288,548.85,2025-01-15
U466,2848XXXX9658,649.94,2025-09-01
U591,3693XXXX2354,167.17,2025-09-02
U112,4206XXXX1804,931.4,2025-05-09
U381,5554XXXX4786,923.45,2024-10-24
U159,5775XXXX3167,788.89,2025-03-09
U116,1571XXXX7498,844.9,2024-12-22
U666,7897XXXX3177,80.75,2025-07-18
U777,8971XXXX6984,601.73,2025-03-25
U564,2529XXXX9419,186.71,2025-08-06
U576,1206XXXX6655,74.53,2024-12-25
U206,9134XXXX8706,674.55,2025-01-07
U805,2432XXXX7675,837.55,2025-10-12
U452,2221XXXX6698,327.86,2024-10-23
U486,0626XXXX0600,518.17,2025-04-04
U515,0355XXXX0354,461.7,2024-12-22
U395,7401XXXX9895,295.51,2024-12-25
U388,9613XXXX0945,664.13,2025-10-04
U521,2149XXXX7548,599.96,2025-07-20
U888,4916XXXX5038,654.09,2024-12-08
U582,1908XXXX8621,264.37,2025-07-26
U345,4541XXXX3856,210.41,2025-09-01
U907,2797XXXX1177,997.11,2025-05-15
U651,7816XXXX4929,193.57,2025-07-22
U810,5870XXXX1058,609.73,2024-10-23
U479,3246XXXX0907,550.03,2025-04-26
U849,5646XXXX3322,952.39,2025-07-07
U846,3436XXXX9198,969.13,2025-08-02
U191,7969XXXX0285,483.87,2024-12-25
U862,7643XXXX1327,859.56,2025-03-10
U726,6152XXXX1542,665.59,2025-02-01
U979,2474XXXX0317,963.25,2025-08-24
U177,1728XXXX0974,260.31,2024-11-09
U661,3417XXXX3559,286.2,2025-07-27
U108,2801XXXX6812,565.67,2025-07-21
U552,4696XXXX1938,866.66,2025-05-20
U426,4225XXXX4283,46.56,2024-11-18
U981,6951XXXX7317,309.04,2025-10-13
U602,7107XXXX2748,246.78,2024-11-06
U264,7078XXXX9153,576.93,2025-04-25
U600,7141XXXX8796,55.35,2025-07-05
U721,3006XXXX6680,809.14,2025-04-03
U461,4540XXXX6744,826.52,2025-06-27
U806,3960XXXX6669,808.63,2025-08-01
U658,0866XXXX0122,640.87,2024-12-29
U918,5475XXXX1968,856.07,2025-02-21
U507,2626XXXX3205,524.25,2025-10-12
U743,5217XXXX6969,813.2,2025-02-24
U968,7807XXXX7069,124.65,2025-01-12
U589,2743XXXX8124,54.5,2025-01-20
U347,2636XXXX0347,959.68,2025-03-21
U576,0183XXXX6725,489.55,2024-12-16
U745,2295XXXX3412,818.25,2024-11-10
U703,4767XXXX6423,875.29,2025-02-19
U144,6284XXXX0591,818.6,2025-05-28
U518,3756XXXX2196,531.01,2025-02-01
U127,6534XXXX6094,134.32,2025-03-05
U560,4883XXXX6953,559.7,2025-07-10
U520,6880XXXX4089,494.89,2025-02-01
U529,3640XXXX3494,96.01,2024-12-16
U170,1724XXXX2044,812.02,2025-08-11
U645,4323XXXX2411,773.98,2025-01-01
U220,6136XXXX8409,975.55,2025-04-23
U848,7819XXXX4780,319.89,2025-09-15
U214,0789XXXX1941,978.22,2025-05-16
U378,4621XXXX5081,990.77,2024-12-27
U647,4542XXXX4803,477.84,2025-03-31
U816,4848XXXX8283,687.69,2025-08-19
U789,3863XXXX4890,151.79,2024-12-21
U736,4515XXXX2902,466.03,2024-10-28
U370,6643XXXX0595,956.88,2025-06-11
U562,1084XXXX8092,345.75,2025-09-28
U389,6926XXXX9503,450.53,2025-01-19
U738,3764XXXX9086,458.74,2024-11-26
U617,4277XXXX0153,426.78,2025-09-17
U488,2727XXXX9531,682.54,2025-03-04
U767,6028XXXX8065,951.19,2025-08-02
U479,0268XXXX6294,805.69,2025-08-09
U493,6162XXXX1270,845.38,2025-04-01
U222,6729XXXX9860,727.6,2025-02-06
U156,1464XXXX9963,10.21,2025-08-28
U519,0668XXXX5222,144.16,2025-05-11
U378,2146XXXX0627,113.07,2025-09-20
U462,7789XXXX5915,106.77,2025-07-29
U773,6552XXXX8235,316.62,2025-07-29
U447,4561XXXX0163,639.71,2025-03-07
U435,8486XXXX0956,86.35,2025-05-29
U135,0373XXXX1459,468.24,2025-10-13
U310,2774XXXX0038,95.83,2025-05-02
U247,2697XXXX8800,727.09,2024-11-16
U947,5969XXXX7261,783.55,2025-04-22
U211,8881XXXX2074,293.67,2025-03-09
U416,8007XXXX9062,654.16,2024-12-23
U489,8377XXXX1070,35.5,2024-12-13
U418,7364XXXX5308,672.25,2025-04-16
U105,0330XXXX1405,75.24,2025-02-19
U515,0302XXXX1114,418.1,2024-12-18
U523,2281XXXX0061,275.81,2025-06-23
U968,0010XXXX8120,680.73,2025-04-29
U731,9904XXXX1933,808.15,2025-01-19
U502,8345XXXX2817,548.32,2025-06-07
U925,5587XXXX5780,111.47,2025-04-11
U801,3838XXXX5107,109.88,2025-08-29
U791,1604XXXX8290,467.61,2024-12-27
U645,8213XXXX2472,478.47,2025-03-02
U852,0608XXXX4677,144.97,2025-03-01
U893,3495XXXX4680,169.76,2025-04-24
U800,7952XXXX9368,350.95,2025-05-29
U167,5559XXXX8797,480.28,2025-06-23
U435,3754XXXX7994,279.85,2025-02-20
U569,6749XXXX4874,286.74,2025-05-05
U183,5968XXXX4704,822.48,2024-12-28
U523,5578XXXX4515,250.27,2024-11-28
U523,9352XXXX8369,612.56,2024-11-19
U626,6109XXXX3391,151.93,2025-01-28
U228,6964XXXX4675,741.5,2025-02-17
U325,2072XXXX2298,24.27,2025-07-22
U912,3135XXXX3652,687.41,2025-03-22
U371,3415XXXX7702,19.45,2025-03-16
U422,8232XXXX9343,248.32,2025-01-10
U681,3168XXXX5932,489.03,2025-04-12
U625,0083XXXX4474,461.56,2025-02-15
U773,0652XXXX2986,234.25,2025-07-18
U259,6105XXXX2382,196.6,2025-05-31
U956,7731XXXX2269,669.29,2025-05-17
U941,7823XXXX5801,500.94,2025-07-16
U337,0401XXXX5171,414.76,2025-08-06
U304,5861XXXX2576,346.87,2025-03-18
U866,3873XXXX7372,940.73,2025-08-17
U308,1200XXXX4254,504.79,2025-10-04
U536,3632XXXX3024,255.68,2025-03-19
U735,6700XXXX4743,39.6,2025-07-14
U844,2301XXXX2264,959.42,2025-02-22
U882,2976XXXX5777,326.38,2025-01-31
U147,9841XXXX3474,503.76,2025-09-22
U732,7451XXXX8761,364.53,2025-01-26
U145,4558XXXX3982,79.19,2025-01-17
U343,7857XXXX1800,890.57,2025-02-14
U927,6048XXXX8124,92.19,2025-01-30
U473,5472XXXX4713,653.35,2025-07-14
U813,9096XXXX6691,635.71,2025-10-15
U967,1598XXXX2128,731.71,2025-03-04
U545,2642XXXX7727,470.48,2025-05-22
U397,0037XXXX3315,686.65,2025-05-20
U423,7171XXXX4616,302.28,2025-08-30
U862,8745XXXX5810,461.84,2025-08-23
U955,4514XXXX8242,525.53,2025-08-15
U848,3238XXXX8391,761.49,2025-08-30
U149,5501XXXX0869,929.16,2024-11-20
U134,5833XXXX5869,606.04,2025-10-09
U747,6407XXXX7262,876.01,2024-11-18
U288,2337XXXX0472,950.31,2024-12-01
U520,8454XXXX5096,670.99,2025-05-22
U221,3466XXXX5458,494.34,2025-02-24
U940,4391XXXX3602,305.26,2025-08-03
U905,2006XXXX3209,413.93,2025-04-22
U425,3628XXXX0097,851.65,2025-06-20
U155,0539XXXX3889,643.93,2025-07-05
U285,5046XXXX0229,254.7,2025-04-07
U799,5006XXXX4876,755.96,2025-09-23
U676,7758XXXX6646,968.27,2025-07-28
U318,0135XXXX2427,534.46,2025-01-14
U501,5233XXXX4862,696.11,2024-10-20
U845,0364XXXX4410,17.78,2025-04-15
U726,6447XXXX8283,422.87,2024-11-19
U493,5216XXXX6621,359.17,2025-07-10
U794,1803XXXX5838,124.25,2025-02-05
U928,7549XXXX2886,107.84,2025-01-11
U985,8149XXXX3001,587.97,2025-05-30
U860,3613XXXX9902,813.16,2025-01-07
U617,6932XXXX5091,533.76,2025-07-31
U635,8599XXXX1703,187.67,2025-07-19
U845,2665XXXX0223,234.31,2025-03-21
U132,0034XXXX2551,512.8,2024-12-31
U400,2669XXXX9122,386.21,2025-03-29
U900,8846XXXX3447,636.92,2025-01-08
U442,2171XXXX7139,585.95,2025-03-26
U447,9014XXXX2461,241.91,2024-10-15
U483,7672XXXX7730,460.4,2025-09-11
U436,1426XXXX1035,76.97,2024-11-16
U947,1058XXXX8912,95.62,2025-05-26
U397,0988XXXX7034,906.98,2025-03-19
U433,7999XXXX3489,315.14,2025-03-25
U845,2261XXXX1057,173.03,2025-08-11
U602,6346XXXX9387,282.74,2025-03-13
U846,0416XXXX3095,404.28,2025-04-09
U467,3430XXXX1692,866.72,2025-05-13
U838,7817XXXX3848,55.3,2025-05-27
U543,7640XXXX3621,986.36,2025-03-17
U920,4043XXXX3970,905.68,2025-04-23
U239,7467XXXX3327,80.16,2025-03-23
U489,6971XXXX8764,658.3,2025-05-03
U820,3286XXXX7801,15.04,2025-08-25
U129,5046XXXX2598,503.49,2025-09-03
U968,7969XXXX0603,963.7,2025-06-03
U803,4966XXXX0306,34.51,2025-04-15
U954,0707XXXX5222,562.01,2025-09-24
U547,6394XXXX4314,784.9,2025-05-04
U990,2716XXXX8963,469.08,2025-10-14
U208,9744XXXX1838,735.99,2025-04-30
U597,1169XXXX1934,640.89,2025-08-05
U108,3508XXXX1198,339.35,2024-12-12
U284,8753XXXX9136,205.37,2025-02-19
U708,1499XXXX4615,223.7,2025-03-09
U317,6045XXXX2282,90.07,2024-10-26
U897,2168XXXX0724,238.64,2025-07-31
U787,5010XXXX8194,26.16,2025-07-06
U514,6951XXXX8459,682.78,2025-02-21
U845,0463XXXX6133,394.51,2025-10-11
U364,0193XXXX4184,775.04,2025-06-11
U512,4311XXXX8424,374.33,2025-05-08
U110,6575XXXX4254,858.71,2025-10-06
U575,5443XXXX8362,180.08,2025-05-26
U547,0737XXXX0593,698.94,2025-04-28
U307,2944XXXX7005,855.04,2025-07-15
U358,7234XXXX4922,580.98,2025-02-25
U605,9583XXXX9316,385.32,2025-01-05
U487,0907XXXX6100,667.53,2024-11-01
U535,9860XXXX9599,163.5,2024-11-27
U938,4212XXXX8066,170.92,2025-09-11
U201,6546XXXX4498,605.0,2025-05-24
U366,8109XXXX1217,264.06,2025-07-23
U619,7706XXXX3127,491.02,2025-03-03
U286,4891XXXX4301,579.6,2025-03-18
U446,5916XXXX4807,129.95,2025-05-24
U273,7288XXXX7225,540.76,2025-03-20
U810,5833XXXX9410,958.96,2025-01-17
U381,6681XXXX1061,973.41,2025-02-05
U387,5606XXXX6925,26.49,2025-09-05
U961,2450XXXX2692,673.28,2025-09-04
U985,2400XXXX0987,484.27,2025-04-03
U524,4890XXXX8988,626.86,2025-09-06
U207,6771XXXX5603,606.96,2025-04-01
U107,3562XXXX7657,911.04,2024-12-21
U617,6306XXXX4826,297.53,2024-12-02
U723,7179XXXX9442,972.78,2025-02-25
U760,6257XXXX1844,170.18,2025-08-14
U168,6722XXXX6914,666.76,2025-03-23
U200,1920XXXX9652,152.72,2025-04-11
U257,4363XXXX9049,377.36,2025-01-22
U653,9695XXXX6318,932.87,2025-08-14
U262,3405XXXX2924,921.67,2025-06-21
U196,8223XXXX9873,306.25,2025-05-26
U596,9776XXXX0625,905.06,2024-12-16
U915,3086XXXX8872,457.23,2024-12-26
U462,1511XXXX8696,626.34,2025-02-10
U814,7394XXXX3299,968.95,2024-12-19
U143,2994XXXX1200,912.33,2025-08-14
U982,1448XXXX4822,860.97,2025-02-23
U172,7342XXXX3284,927.35,2025-08-29
U164,1624XXXX4760,329.95,2025-10-05
U856,2359XXXX9229,446.89,2024-10-20
U253,2677XXXX8802,112.23,2025-02-28
U984,8363XXXX4889,515.91,2024-12-15
U367,1114XXXX7068,63.75,2025-04-04
U432,3722XXXX0765,180.23,2025-03-19
U729,2049XXXX8206,953.27,2024-12-25
U465,3631XXXX2399,474.94,2024-11-01
U700,1021XXXX1173,736.89,2025-05-01
U850,1799XXXX1922,665.33,2025-07-23
U111,0666XXXX6549,705.67,2025-03-06
U730,1759XXXX9192,886.6,2025-02-04
U740,4650XXXX6227,15.95,2025-04-07
U111,2978XXXX4585,719.48,2025-05-12
U635,1630XXXX2779,147.85,2025-08-02
U477,8728XXXX6109,64.88,2025-04-23
U764,7057XXXX5224,301.43,2025-06-20
U477,6309XXXX0449,108.12,2025-07-22
U694,9662XXXX1543,491.42,2024-10-15
U660,1034XXXX2729,780.35,2025-08-24
U915,5327XXXX1810,365.56,2025-07-18
U920,6609XXXX2529,217.84,2025-10-09
U439,7152XXXX4998,14.74,2024-10-27
U179,7513XXXX9783,841.67,2025-09-30
U474,3729XXXX4099,916.15,2024-11-14
U946,8686XXXX1667,302.73,2025-06-08
U125,6603XXXX3502,882.9,2025-03-13
U278,7950XXXX4442,403.01,2025-02-09
U432,3884XXXX9626,554.53,2025-02-26
U907,3868XXXX0954,637.49,2025-05-11
U650,0375XXXX9733,228.22,2025-03-30
U870,3713XXXX5129,272.44,2025-09-04
U447,3247XXXX4003,447.0,2025-04-19
U411,9252XXXX8154,631.39,2024-12-10
U254,2913XXXX8839,117.49,2025-07-30
U360,4341XXXX6251,62.93,2025-05-19
U234,8691XXXX7391,66.9,2025-01-15
U419,1121XXXX2746,358.44,2025-01-30
U704,7674XXXX1425,778.03,2025-06-18
U915,2548XXXX9353,422.92,2025-02-19
U115,3942XXXX9248,322.2,2025-09-27
U417,7376XXXX2636,106.01,2025-08-04
U483,5651XXXX7276,211.78,2025-06-05
U247,5524XXXX1591,54.64,2025-09-16
U428,7014XXXX1062,443.38,2025-01-02
U752,5786XXXX0352,47.6,2024-11-11
U827,1701XXXX9802,982.63,2025-02-17
U445,8990XXXX3876,663.36,2025-08-07
U759,8287XXXX8643,425.17,2025-07-30
U918,6703XXXX5047,909.25,2024-12-25
U979,1981XXXX9587,435.79,2025-04-06
U282,7321XXXX6354,515.45,2024-11-02
U880,1391XXXX8405,500.48,2025-05-23
U553,6907XXXX1371,696.34,2025-05-12
U422,6420XXXX9024,359.16,2025-08-12
U357,7646XXXX3624,25.44,2025-04-17
U323,1064XXXX3960,641.35,2025-09-04
U780,0070XXXX3403,141.26,2025-02-19
U684,5770XXXX9824,917.21,2025-07-14
U421,8139XXXX5810,79.98,2024-12-31
U957,8108XXXX4969,552.04,2025-05-09
U785,1389XXXX8314,636.77,2025-09-19
U540,6455XXXX8547,394.9,2024-10-24
U158,3158XXXX8111,708.95,2025-02-26
U229,9879XXXX3447,804.25,2025-09-08
U360,7158XXXX8694,869.12,2025-01-10
U888,3940XXXX5757,353.42,2025-01-02
U548,1733XXXX0097,311.5,2025-08-11
U813,8178XXXX8786,847.55,2024-11-09
U410,6902XXXX4359,407.9,2025-04-20
U538,6888XXXX3812,731.19,2025-06-01
U942,2823XXXX4345,42.46,2025-06-19
U935,1809XXXX3074,616.92,2025-06-01
U686,0117XXXX1461,242.68,2025-06-30
U707,1825XXXX4055,784.07,2025-05-29
U304,5837XXXX6482,907.87,2025-03-06
U675,6480XXXX8050,186.16,2025-09-29
U145,9395XXXX2301,809.13,2025-07-16
U257,8422XXXX3607,977.16,2025-06-08
U677,5458XXXX6428,359.4,2024-10-31
U801,6601XXXX8163,891.03,2024-10-21
U572,6566XXXX1491,793.56,2024-11-25
U475,2036XXXX0696,21.66,2025-05-25
U210,3609XXXX6771,237.71,2025-06-27
U352,8922XXXX7688,718.82,2025-05-16
U707,5907XXXX9525,20.66,2025-05-02
U203,1145XXXX4958,603.29,2025-03-09
U345,5165XXXX7161,994.98,2025-03-16
U183,6555XXXX6579,718.05,2024-12-15
U867,1802XXXX5623,889.72,2025-06-10
U687,8371XXXX3420,248.28,2025-09-05
U677,8433XXXX0982,299.73,2025-01-08
U469,5152XXXX5614,939.5,2025-04-11
U931,2949XXXX1988,267.95,2024-12-04
U140,2526XXXX0423,826.78,2025-05-06
U209,6768XXXX6687,642.84,2025-06-03
U786,7797XXXX1988,539.9,2025-06-12
U156,7957XXXX5803,181.63,2025-05-04
U592,5619XXXX8919,560.33,2025-10-03
U960,2027XXXX7563,605.17,2025-03-04
U142,7345XXXX4890,620.21,2025-01-14
U730,7780XXXX7043,948.46,2024-11-28
U898,2080XXXX3714,124.65,2025-02-20
U654,8234XXXX1583,924.1,2025-08-22
U966,1683XXXX6817,642.58,2024-12-24
U245,8896XXXX1314,340.17,2025-04-09
U962,8792XXXX2645,362.54,2024-11-13
U591,6931XXXX5244,133.13,2025-03-16
U840,1720XXXX5089,278.36,2025-09-05
U467,9151XXXX7833,725.62,2024-12-03
U439,8126XXXX7836,649.91,2025-05-22
U664,5385XXXX2707,73.21,2025-06-21
U556,3833XXXX4422,47.62,2025-09-06
U362,2679XXXX2412,744.91,2025-08-15
U619,7672XXXX2026,182.85,2025-01-06
U869,9941XXXX7984,201.89,2024-12-03
U965,9632XXXX8166,728.11,2025-04-07
U378,0447XXXX1628,196.67,2025-02-04
U853,0588XXXX8909,872.06,2025-05-23
U287,7366XXXX2906,400.39,2025-09-24
U955,2431XXXX2629,321.94,2025-02-23
U950,5887XXXX4367,355.65,2025-06-23
U939,1032XXXX1250,326.32,2025-08-25
U336,8120XXXX4858,264.81,2025-01-11
U764,8880XXXX3438,551.98,2025-03-20
U583,7286XXXX0048,235.75,2025-07-05
U805,1437XXXX3650,172.35,2025-07-14
U632,7418XXXX7125,236.63,2025-02-28
U633,9580XXXX6673,22.53,2024-12-21
U701,0314XXXX6836,181.39,2025-01-25
U711,7189XXXX3421,443.43,2025-06-22
U377,7395XXXX5957,628.78,2025-08-29
U392,6291XXXX1119,495.09,2025-02-11
U819,5478XXXX1609,90.34,2025-07-21
U470,0078XXXX9378,990.08,2025-03-06
U707,0840XXXX7815,610.1,2025-07-26
U782,5569XXXX2828,567.71,2025-08-09
U199,9732XXXX2160,382.08,2025-02-09
U720,4103XXXX7412,591.23,2025-06-09
U945,9096XXXX4459,195.6,2025-09-14
U571,9313XXXX7397,423.67,2024-12-04
U581,0851XXXX5999,581.0,2025-09-05
U858,7586XXXX4001,78.26,2025-08-12
U322,5198XXXX8942,815.51,2025-06-20
U119,1510XXXX6494,18.14,2025-08-03
U498,0783XXXX0367,755.15,2024-11-13
U380,2267XXXX7757,357.65,2025-03-31
U224,1282XXXX7347,632.11,2025-01-24
U464,4802XXXX7651,424.34,2025-01-02
U423,9731XXXX9152,569.3,2025-07-14
U375,1437XXXX1492,968.19,2024-12-12
U736,3992XXXX5719,275.65,2025-07-15
U852,0748XXXX3163,687.46,2025-04-14
U677,8987XXXX3700,251.15,2025-04-27
U812,3920XXXX8122,920.09,2025-03-10
U262,0342XXXX6619,76.95,2025-09-15
U466,8423XXXX9684,507.99,2025-08-26
U541,9435XXXX0580,878.12,2025-05-27
U968,0402XXXX2024,782.76,2025-02-24
U459,5280XXXX3355,340.54,2025-06-29
U951,4568XXXX5357,637.85,2025-07-09
U625,8344XXXX3861,955.99,2024-12-19
U927,5492XXXX4590,523.96,2025-02-11
U256,4160XXXX4028,743.85,2025-04-22
U287,7072XXXX7888,68.58,2025-10-01
U212,4416XXXX2016,165.06,2025-09-08
U822,5516XXXX6661,369.33,2025-02-12
U814,6029XXXX5232,625.86,2024-12-18
U601,9543XXXX0459,509.84,2024-11-29
U832,4886XXXX9439,915.49,2024-12-08
U715,9258XXXX8888,156.09,2025-08-05
U300,1943XXXX4595,402.11,2024-11-22
U708,9691XXXX0484,463.85,2025-07-09
U801,7892XXXX7780,917.83,2024-12-02
U207,4001XXXX7448,614.01,2025-05-07
U290,2905XXXX4223,431.93,2024-11-19
U506,5543XXXX5705,662.92,2024-12-19
U656,7769XXXX1769,718.81,2025-03-30
U376,9334XXXX5778,170.96,2025-06-08
U745,3157XXXX7943,901.58,2025-02-09
U465,2990XXXX5955,352.16,2025-02-28
U110,3849XXXX4582,268.04,2025-04-27
U801,9774XXXX6849,234.38,2025-01-19
U118,4728XXXX7731,128.25,2024-10-17
U890,8987XXXX2248,923.82,2025-07-05
U861,5925XXXX5995,355.69,2025-02-22
U905,6079XXXX7671,446.58,2024-12-25
U877,8868XXXX4267,325.93,2025-03-19
U314,5759XXXX5656,488.58,2025-05-07
U612,7614XXXX2391,935.37,2024-12-02
U166,8832XXXX4619,265.62,2025-09-08
U552,8852XXXX8357,789.7,2025-08-09
U824,9472XXXX5675,652.33,2025-01-30
U226,4082XXXX5890,992.55,2025-07-16
U197,3592XXXX2454,606.83,2025-09-02
U307,0533XXXX7725,159.91,2025-09-28
U708,2530XXXX1571,214.86,2025-05-13
U241,4827XXXX4388,50.64,2025-01-07
U513,0632XXXX0209,222.37,2024-12-09
U714,4107XXXX5042,452.6,2024-10-28
U174,8520XXXX6766,516.58,2025-06-29
U827,0405XXXX8911,397.2,2024-10-31
U576,9723XXXX7441,290.09,2025-01-23
U602,1508XXXX2543,974.2,2024-10-16
U822,5351XXXX5216,411.01,2025-10-14
U872,9763XXXX1916,608.78,2024-12-25
U226,3022XXXX3283,591.48,2025-05-02
U317,8572XXXX1018,946.46,2024-12-14
U262,3815XXXX1746,272.17,2025-07-12
U189,8034XXXX0008,942.63,2025-07-05
U966,6497XXXX2756,234.93,2025-08-24
U929,1525XXXX1851,970.68,2025-07-03
U763,3973XXXX1235,978.02,2025-08-03
U972,4390XXXX8240,52.82,2024-11-09
U344,0035XXXX4033,216.36,2025-04-14
U186,4692XXXX4382,986.94,2025-01-11
U327,1331XXXX5870,87.1,2025-07-24
U393,4591XXXX2161,93.54,2024-10-25
U906,9590XXXX9215,713.68,2024-12-06
U191,8275XXXX8700,159.08,2024-10-15
U142,8800XXXX7065,987.33,2024-11-21
U511,9757XXXX1763,50.09,2025-07-11
U222,7652XXXX9902,511.96,2025-05-31
U540,8644XXXX4376,754.33,2024-11-04
U374,4085XXXX1888,983.21,2024-10-25
U651,9168XXXX0766,935.68,2025-08-26
U938,6557XXXX8971,183.45,2025-04-14
U492,5169XXXX6059,492.58,2025-01-26
U145,8647XXXX3140,909.55,2025-05-12
U788,1283XXXX4929,422.67,2024-11-01
U492,2377XXXX3029,50.37,2025-01-26
U993,3125XXXX6947,457.61,2025-03-21
U636,0291XXXX4912,652.09,2025-04-24
U439,4731XXXX9849,737.34,2025-04-15
U692,7526XXXX9175,532.08,2024-11-03
U379,0986XXXX0650,476.61,2025-05-07
U549,7219XXXX0508,623.08,2025-08-09
U860,7627XXXX1704,735.83,2024-11-14
U681,5190XXXX5821,764.51,2025-01-23
U526,6524XXXX0424,483.61,2025-07-02
U593,8775XXXX5408,943.55,2025-02-11
U637,1010XXXX7548,947.52,2025-05-12
U218,4224XXXX7379,950.42,2025-04-28
U804,5469XXXX4082,199.89,2025-04-18
U502,7995XXXX4243,85.98,2025-02-06
U138,0400XXXX8156,429.36,2025-05-15
U446,4503XXXX2336,485.1,2024-12-22
U289,3349XXXX0872,895.05,2025-06-11
U170,7106XXXX7006,659.29,2025-04-27
U758,9419XXXX0806,513.26,2025-08-11
U514,9268XXXX8620,233.18,2025-05-17
U285,3961XXXX5246,250.72,2025-08-09
U481,0229XXXX5973,870.08,2025-02-10
U177,0788XXXX9359,768.46,2025-06-02
U557,3974XXXX9974,341.23,2025-05-27
U652,3100XXXX9886,348.82,2025-02-14
U395,2131XXXX4961,332.54,2025-03-19
U398,4390XXXX6327,890.98,2025-01-30
U738,9958XXXX7643,125.56,2024-12-20
U842,6648XXXX4333,104.13,2025-02-24
U782,3603XXXX0801,854.35,2025-04-12
U997,5011XXXX1305,953.8,2025-03-14
U200,4937XXXX2277,108.41,2025-03-01
U363,4072XXXX0819,746.93,2025-04-29
U785,2258XXXX2957,632.0,2025-08-06
U911,2325XXXX6022,164.62,2024-10-15
U272,4014XXXX1229,303.81,2025-05-25
U367,2428XXXX6716,227.24,2025-04-28
U437,0215XXXX8622,609.44,2025-08-15
U534,4265XXXX1872,431.7,2025-06-18
U488,8941XXXX6155,134.93,2025-03-05
U211,2639XXXX6597,695.37,2025-07-31
U130,8260XXXX4364,250.19,2025-06-29
U432,8423XXXX6821,379.49,2024-11-02
U652,5081XXXX6078,137.01,2025-02-08
U716,9876XXXX3979,234.77,2025-05-14
U972,3668XXXX6108,944.13,2025-09-22
U722,4849XXXX4997,786.42,2024-11-01
U198,7183XXXX3366,732.99,2024-12-27
U997,0146XXXX2707,814.67,2024-10-30
U461,6223XXXX2575,297.27,2025-08-03
U403,8831XXXX1172,405.71,2025-02-12
U617,6721XXXX2721,570.3,2024-12-15
U770,8989XXXX5115,830.32,2025-05-16
U268,6987XXXX3466,320.94,2025-04-26
U166,0797XXXX6238,481.19,2025-02-07
U502,6839XXXX4486,136.78,2024-12-25
U479,5287XXXX8926,658.65,2025-04-20
U432,1533XXXX1279,218.31,2025-05-01
U669,3197XXXX7695,620.15,2025-01-03
U677,4287XXXX0462,522.15,2024-12-17
U421,6431XXXX3917,667.52,2024-12-24
U539,5108XXXX9874,518.34,2025-09-18
U496,3555XXXX0021,465.13,2025-03-07
U528,4960XXXX7409,500.13,2024-12-29
U641,5143XXXX0553,565.44,2025-03-03
U429,5151XXXX9934,57.55,2025-09-09
U154,3901XXXX4467,378.16,2025-04-15
U539,5371XXXX7797,524.57,2025-07-25
U107,7061XXXX7218,692.95,2025-07-27
U915,8558XXXX0444,733.48,2024-12-10
U690,2308XXXX0377,531.67,2025-08-20
U836,8738XXXX1239,982.12,2024-12-10
U211,2152XXXX2339,94.47,2025-04-23
U576,8996XXXX6119,289.82,2025-10-13
U436,5590XXXX2183,683.79,2024-12-19
U414,4580XXXX5616,981.51,2025-03-29
U486,6089XXXX5798,937.18,2025-10-04
U607,3356XXXX1264,52.41,2025-06-08
U977,3461XXXX4461,14.08,2025-08-04
U521,9774XXXX8958,383.5,2024-12-28
U265,2922XXXX4517,539.8,2025-07-04
U536,9560XXXX7191,16.84,2025-06-11
U892,1970XXXX1945,225.51,2024-12-16
U678,3055XXXX4711,24.25,2024-11-03
U265,6010XXXX4545,38.48,2024-12-31
U649,6790XXXX0197,177.56,2025-07-15
U376,1240XXXX1019,758.56,2024-12-06
U664,6989XXXX4463,426.44,2025-09-28
U111,3595XXXX0536,170.53,2025-08-26
U971,1112XXXX2071,413.07,2024-11-19
U136,6414XXXX4647,638.92,2025-07-26
U106,7077XXXX1815,529.29,2025-08-12
U356,6687XXXX2535,133.26,2025-01-25
U418,1194XXXX7168,117.52,2025-05-28
U475,6765XXXX4003,744.63,2025-05-29
U318,1743XXXX1334,771.03,2025-10-14
U172,5394XXXX6374,823.17,2025-07-18
U225,3449XXXX8430,437.7,2025-06-27
U290,4669XXXX1815,573.22,2025-10-13
U693,2169XXXX5554,469.6,2025-07-24
U126,8483XXXX9798,183.76,2025-01-11
U558,7219XXXX5815,465.74,2025-10-07
U564,2545XXXX4132,815.94,2025-05-19
U766,7358XXXX8620,114.31,2024-10-27
U532,2002XXXX5301,343.25,2025-03-15
U355,3694XXXX7500,774.38,2025-09-02
U109,9978XXXX5739,247.12,2024-10-29
U347,9922XXXX2602,510.5,2024-12-17
U131,9439XXXX8385,265.45,2024-11-26
U435,5902XXXX7636,712.06,2025-05-11
U488,8266XXXX6572,551.27,2025-08-09
U998,7005XXXX2673,678.8,2025-07-09
U221,1181XXXX1398,158.32,2025-07-15
U828,0502XXXX3417,327.38,2025-07-19
U311,1255XXXX9855,794.58,2024-10-19
U645,0954XXXX4762,62.89,2024-12-06
U295,8611XXXX6163,788.4,2025-05-23
U349,4047XXXX7779,724.69,2025-04-01
U323,6218XXXX7206,681.75,2025-02-21
U133,4630XXXX9091,592.29,2025-05-14
U200,1195XXXX8347,337.14,2025-01-09
U770,8750XXXX8924,333.73,2025-08-01
U178,6633XXXX6034,348.83,2025-05-05
U584,4313XXXX6114,814.16,2025-07-20
U852,2336XXXX2191,354.41,2025-09-20
U546,0154XXXX0293,282.07,2025-09-20
U952,1190XXXX6006,380.62,2025-01-19
U760,4671XXXX8323,996.18,2024-11-11
U837,3442XXXX1646,198.86,2024-10-22
U867,6499XXXX1271,305.31,2025-01-31
U800,6613XXXX2540,752.16,2024-11-20
U512,8025XXXX4582,331.75,2025-04-06
U978,2413XXXX9597,817.83,2025-01-02
U379,1185XXXX7752,211.14,2025-09-25
U143,4573XXXX5738,291.86,2025-02-07
U864,9733XXXX9270,140.95,2025-06-25
U356,3279XXXX8825,450.49,2025-04-06
U452,3544XXXX5100,127.1,2025-10-13
U277,6660XXXX2240,947.41,2024-12-22
U459,1953XXXX6230,249.31,2025-09-12
U348,6690XXXX1157,887.24,2024-11-07
U779,6165XXXX8500,774.7,2025-01-19
U470,7454XXXX6504,310.59,2025-01-10
U576,8808XXXX5661,647.2,2024-11-18
U188,4298XXXX7023,546.62,2025-05-25
U152,4377XXXX4360,383.4,2025-05-23
U536,0012XXXX8191,680.3,2025-09-08
U721,4063XXXX1420,756.81,2025-04-09
U565,7559XXXX4628,234.87,2025-08-13
U160,3774XXXX7791,460.48,2025-07-11
U373,8051XXXX6297,354.75,2025-03-22
U951,0843XXXX9400,884.05,2025-01-06
U806,0600XXXX5332,574.15,2024-12-10
U474,8681XXXX3687,418.08,2025-09-27
U641,1634XXXX4662,816.48,2025-03-10
U837,0432XXXX8362,879.48,2024-10-19
U209,0139XXXX4014,933.13,2025-02-24
U422,1446XXXX9101,903.84,2025-10-08
U678,9774XXXX2554,852.63,2024-12-05
U291,6760XXXX0519,259.44,2025-01-30
U614,2820XXXX9274,917.18,2025-05-29
U499,6894XXXX9815,783.26,2024-11-06
U461,0721XXXX7388,373.12,2025-10-11
U364,7120XXXX0199,906.78,2025-09-11
U862,6868XXXX5244,342.21,2025-03-14
U266,0701XXXX9056,219.62,2025-10-13
U458,5349XXXX9190,450.08,2025-03-12
U410,9809XXXX1461,632.48,2025-01-20
U644,3666XXXX4804,791.79,2025-08-09
U746,7277XXXX7128,480.46,2024-11-13
U188,8307XXXX7275,238.99,2025-08-02
U374,4786XXXX4679,439.41,2025-09-20
U809,2957XXXX9375,391.65,2024-11-26
U956,8044XXXX2037,904.78,2025-02-16
U768,4832XXXX3678,930.56,2025-03-25
U137,2753XXXX8409,479.07,2025-09-03
U328,8065XXXX3736,939.16,2024-12-26
U566,7809XXXX2400,843.79,2025-06-28
U253,4967XXXX0209,189.75,2025-04-06
U264,4114XXXX6110,584.66,2025-02-24
U232,0868XXXX9988,421.64,2024-11-17
U345,8573XXXX1157,197.99,2025-06-11
U857,9612XXXX9902,215.71,2024-12-09
U979,3050XXXX5708,376.7,2025-10-15
U814,1862XXXX2118,873.69,2025-02-05
U572,5457XXXX7718,201.68,2025-03-31
U277,8760XXXX3115,694.51,2025-04-21
U513,3351XXXX6442,869.8,2025-01-07
U723,4063XXXX6144,960.42,2025-07-04
U294,8885XXXX2932,503.94,2025-09-30
U285,3122XXXX0231,67.86,2024-11-12
U335,4907XXXX6282,184.41,2025-07-03
U208,0775XXXX4946,304.1,2025-01-19
U793,2102XXXX2368,647.77,2025-04-14
U209,1688XXXX6073,293.13,2025-07-23
U542,6518XXXX3547,562.59,2025-01-31
U501,4414XXXX6653,675.43,2025-09-19
U548,0364XXXX7133,24.03,2025-01-06
U575,0797XXXX6817,578.61,2025-01-11
U145,8310XXXX1302,755.89,2025-05-09
U888,2800XXXX3752,978.51,2025-02-09
U367,7318XXXX9976,184.21,2025-10-15
U423,5746XXXX6743,851.63,2024-10-17
U937,5641XXXX5937,668.12,2025-06-26
U273,1890XXXX4734,599.83,2024-11-29
U985,8900XXXX0329,112.09,2025-05-04
U893,6494XXXX0778,390.23,2025-06-10
U837,8427XXXX9696,136.16,2025-02-13
U535,2408XXXX5895,989.02,2025-03-10
U635,9355XXXX6013,160.68,2025-01-15
U297,6683XXXX1707,120.31,2024-10-17
U963,6598XXXX8115,544.77,2025-07-12
U271,9820XXXX7211,601.14,2025-08-21
U921,7005XXXX6321,165.31,2025-01-03
U336,8075XXXX7104,432.51,2025-05-04
U826,0412XXXX1075,815.77,2024-10-18
U700,2691XXXX3924,306.87,2025-09-22
U162,8910XXXX4858,322.33,2025-08-25
U859,5433XXXX1747,768.24,2025-05-12
U880,1357XXXX8263,555.94,2024-10-16
U585,9979XXXX8935,311.85,2025-05-10
U135,2192XXXX9214,450.27,2025-01-27
U683,1058XXXX4867,852.62,2025-10-11
U965,1168XXXX1760,620.57,2024-11-18
U215,5653XXXX9020,211.9,2025-05-04
U578,5327XXXX0401,464.7,2025-09-10
U481,1510XXXX4406,474.29,2025-04-06
U593,6929XXXX5036,342.9,2025-03-08
U497,2645XXXX0261,631.52,2025-05-13
U728,7307XXXX2052,32.72,2024-11-15
U894,2600XXXX1535,282.63,2025-08-30
U673,7669XXXX9985,442.67,2025-04-02
U745,8579XXXX4497,281.24,2025-02-18
U646,0532XXXX0321,483.0,2025-01-06
U107,1493XXXX1045,759.61,2024-12-11
U745,1892XXXX7724,187.56,2025-02-20
U159,3117XXXX1116,693.75,2024-11-07
U408,5333XXXX0890,773.64,2024-12-29
U792,3225XXXX8954,417.04,2025-03-08
U519,6427XXXX2290,283.18,2025-05-22
U766,7899XXXX0087,922.55,2025-05-27
U326,6680XXXX7689,450.55,2024-11-10
U929,7187XXXX5855,546.17,2025-05-04
U669,3132XXXX4091,331.76,2024-11-16
U868,7070XXXX2250,679.66,2024-12-28
U596,9244XXXX0293,857.22,2025-03-04
U239,1755XXXX9630,880.59,2025-08-03
U733,5997XXXX1635,470.32,2025-03-03
U397,1948XXXX8027,696.42,2025-06-12
U773,8451XXXX7562,784.06,2025-03-22
U714,2045XXXX3421,619.33,2024-12-08
U235,7045XXXX1589,857.09,2025-08-25
U370,3430XXXX9354,650.32,2025-01-31
U566,3019XXXX7635,751.02,2025-06-24
U136,0957XXXX2920,793.0,2025-08-07
U827,8280XXXX5666,14.39,2024-12-07
U433,3712XXXX6587,138.52,2025-06-02
U642,7729XXXX3809,866.98,2025-09-27
U199,8470XXXX3991,459.49,2025-07-20
U944,4781XXXX7274,429.18,2024-12-05
U820,8314XXXX2150,596.02,2025-07-27
U142,7184XXXX0078,344.46,2025-07-31
U911,0104XXXX0428,37.5,2025-01-06
U974,1951XXXX0164,499.54,2025-03-11
U587,7215XXXX4702,854.3,2025-03-01
U819,3324XXXX8477,21.5,2025-01-14
U728,2546XXXX9599,84.59,2025-07-09
U555,0121XXXX0903,23.6,2025-10-14
U903,3474XXXX0517,982.14,2025-04-01
U894,1367XXXX7186,51.48,2025-05-16
U193,4702XXXX4177,997.07,2024-11-07
U247,0013XXXX0618,759.36,2025-03-28
U301,5233XXXX6757,498.75,2025-05-17
U346,2943XXXX2065,390.14,2024-11-13
U634,0079XXXX9535,97.46,2025-03-09
U840,0383XXXX0189,309.37,2025-04-29
U425,8040XXXX2930,148.25,2025-02-22
U188,4804XXXX7454,581.0,2025-03-30
U620,8854XXXX6702,465.37,2025-04-20
U198,0108XXXX4103,31.11,2025-04-15
U962,4531XXXX6583,287.64,2025-03-09
U313,8941XXXX3498,905.51,2025-08-07
U857,4406XXXX4552,23.59,2025-02-25
U998,9091XXXX6310,802.39,2025-02-03
U216,0527XXXX9249,60.14,2024-12-11
U908,7015XXXX3954,47.71,2024-10-24
U727,1318XXXX0045,997.38,2025-05-17
U675,2369XXXX7192,122.09,2025-08-14
U228,4068XXXX3501,523.05,2025-04-30
U299,7584XXXX6504,770.68,2025-09-30
U692,6803XXXX9036,544.44,2025-09-19
U460,3500XXXX6066,923.79,2025-07-07
U597,2042XXXX2007,87.64,2025-09-27
U454,0437XXXX1566,597.6,2025-01-08
U336,7649XXXX1839,976.55,2025-01-16
U143,6780XXXX5133,769.99,2025-04-29
U593,4783XXXX7506,856.49,2025-04-08
U909,9482XXXX0973,828.18,2024-11-28
U580,1849XXXX1119,314.09,2025-03-31
U513,8315XXXX6104,843.73,2024-12-24
U305,5250XXXX8300,748.09,2025-01-28
U761,6152XXXX7303,517.63,2025-04-03
U506,6925XXXX1379,858.64,2025-07-16
U279,8250XXXX0223,450.78,2025-03-04
U801,5690XXXX1877,209.9,2024-12-28
U199,2206XXXX9086,520.86,2025-09-16
U978,0624XXXX3371,159.17,2025-05-05
U383,3029XXXX4606,194.57,2024-12-06
U383,1892XXXX6278,203.29,2025-03-21
U443,6477XXXX9612,777.64,2025-04-28
U843,4877XXXX5565,616.05,2025-05-22
U176,8310XXXX2712,28.34,2025-06-24
U605,9022XXXX7048,251.87,2025-09-22
U941,3305XXXX5989,832.94,2025-07-02
U610,9787XXXX4815,832.58,2025-02-18
U916,7632XXXX8556,380.93,2025-06-14
U357,0432XXXX0723,618.09,2025-05-29
U228,1855XXXX2798,370.03,2025-06-01
U601,2076XXXX4225,710.59,2025-04-02
U289,3842XXXX1979,733.77,2025-05-12
U598,0078XXXX0977,209.12,2024-12-04
U959,1930XXXX8067,273.58,2025-04-23
U604,1435XXXX6101,486.23,2025-07-24
U533,5991XXXX8555,818.5,2024-11-01
U678,2269XXXX0132,558.02,2025-01-14
U359,4312XXXX2201,630.27,2025-07-27
U359,5279XXXX4105,559.95,2025-08-26
U607,8859XXXX9608,852.69,2025-09-06
U324,0907XXXX8787,491.14,2025-04-05
U553,6544XXXX8554,773.11,2024-11-17
U184,6767XXXX4183,620.66,2025-03-05
U816,7631XXXX7153,564.81,2025-10-04
U489,4511XXXX5275,299.56,2024-12-20
U730,1318XXXX1111,176.97,2025-02-08
U382,5517XXXX2387,141.16,2025-07-07
U126,6711XXXX2246,878.22,2024-12-06
U716,6858XXXX3186,467.48,2025-06-03
U296,2416XXXX9328,864.28,2025-04-05
U255,6314XXXX7701,59.12,2025-02-13
U580,3172XXXX9072,340.25,2025-05-16
U533,6065XXXX3073,639.2,2025-07-07
U141,9122XXXX7220,730.94,2025-08-27
U410,1536XXXX1583,254.59,2024-12-28
U333,5346XXXX0258,975.5,2025-02-01
U697,9703XXXX8573,166.8,2025-02-10
U861,2872XXXX3955,382.28,2025-04-11
U809,1708XXXX4476,721.26,2024-11-29
U256,7258XXXX7764,35.77,2025-07-12
U922,7722XXXX7394,354.09,2025-05-19
U813,3666XXXX5302,987.34,2025-01-02
U444,0431XXXX5225,117.22,2025-06-03
U855,4099XXXX8819,187.04,2025-10-05
U156,9681XXXX9369,335.85,2024-11-14
U599,7943XXXX0765,482.93,2025-01-24
U105,4925XXXX4321,156.41,2025-07-16
U703,8420XXXX1152,164.37,2025-05-13
U378,3428XXXX8140,730.27,2024-12-30
U207,5294XXXX7085,825.5,2025-03-24
U347,0486XXXX4499,473.12,2025-07-02
U981,4864XXXX9275,687.82,2025-09-17
U256,3506XXXX8758,106.68,2024-12-18
U460,7934XXXX2618,967.76,2024-11-19
U754,4191XXXX9532,898.1,2025-04-03
U207,1065XXXX1894,875.15,2025-03-22
U296,9361XXXX0658,578.45,2025-07-01
U348,6242XXXX6941,511.6,2025-05-30
U683,9317XXXX7148,408.33,2025-10-11
U392,4372XXXX8695,432.08,2025-10-01
U219,9668XXXX7082,23.54,2025-02-20
U547,5394XXXX2751,457.76,2024-11-03
U623,5007XXXX8297,449.62,2024-10-25
U252,5970XXXX1777,276.4,2025-01-21
U358,0876XXXX3957,434.9,2025-07-08
U775,6903XXXX0416,730.12,2025-07-28
U207,6468XXXX0118,952.39,2025-08-17
U559,5206XXXX1408,476.07,2025-06-18
U199,8479XXXX1299,788.94,2025-05-30
U298,4213XXXX4339,419.87,2025-06-21
U875,8146XXXX8771,584.47,2025-06-18
U123,0138XXXX4626,583.71,2025-08-07
U727,7505XXXX2094,839.85,2025-01-06
U695,0839XXXX7856,933.27,2025-05-31
U480,0481XXXX7099,238.98,2025-07-18
U682,1976XXXX0905,486.78,2024-10-17
U407,0809XXXX1650,430.27,2025-07-04
U971,5026XXXX1774,650.05,2024-10-27
U425,7038XXXX7600,698.27,2025-09-16
U378,3170XXXX2568,931.6,2025-07-08
U902,7932XXXX9937,528.86,2025-04-05
U763,8691XXXX5807,33.09,2025-08-23
U310,9281XXXX5890,985.91,2024-10-21
U867,0097XXXX1157,236.62,2024-12-14
U869,6910XXXX7597,528.8,2024-12-01
U949,1290XXXX5451,51.98,2025-04-14
U843,5329XXXX3086,64.29,2025-06-08
U960,0494XXXX9321,407.07,2025-09-10
U157,2505XXXX3318,414.53,2024-10-21
U230,9618XXXX8081,380.59,2024-12-08
U681,8457XXXX0118,873.79,2025-09-07
U892,9297XXXX3072,651.72,2024-12-09
U536,6721XXXX5030,923.02,2024-12-12
U392,2136XXXX8059,158.54,2025-03-21
U260,5678XXXX7362,752.66,2025-06-13
U719,1892XXXX2176,108.14,2025-03-30
U737,4180XXXX9833,490.71,2025-03-05
U493,8386XXXX1043,69.45,2025-05-01
U471,8089XXXX8138,584.06,2024-12-07
U238,5430XXXX7359,854.57,2025-07-16
U288,7618XXXX9957,711.68,2024-12-15
U496,2255XXXX8699,382.94,2025-08-17
U447,2982XXXX4164,73.57,2025-06-18
U196,0402XXXX5101,26.81,2025-05-26
U415,3696XXXX3151,471.85,2024-11-15
U480,9916XXXX0501,393.6,2025-01-16
U979,4605XXXX6810,39.11,2024-10-27
U247,4542XXXX5563,331.98,2025-05-06
U135,2333XXXX0322,909.3,2025-09-02
U450,8446XXXX0900,815.31,2025-03-05
U385,5524XXXX8930,287.29,2024-11-29
U962,3215XXXX0159,929.24,2025-06-19
U970,2160XXXX1160,340.74,2024-12-15
U884,2228XXXX4679,222.95,2025-01-04
U199,2536XXXX2549,551.75,2025-09-22
U507,1878XXXX0603,701.21,2025-02-28
U115,5406XXXX7845,357.2,2024-11-26
U130,8523XXXX2057,362.98,2025-10-02
U879,1186XXXX0426,133.94,2025-09-17
U598,8424XXXX2323,168.92,2025-02-23
U937,2715XXXX9751,917.31,2025-06-08
U145,3262XXXX6522,564.72,2025-10-09
U729,0285XXXX5948,188.05,2025-01-10
U752,0239XXXX7011,322.56,2025-06-19
U274,6027XXXX6866,631.66,2025-09-14
U897,6811XXXX5765,912.77,2024-11-28
U942,1106XXXX0389,210.33,2025-08-21
U828,8414XXXX5951,296.18,2025-04-02
U156,9496XXXX1658,727.66,2025-05-09
U919,4104XXXX6806,390.49,2025-01-20
U741,8260XXXX8990,372.39,2025-05-28
U177,6328XXXX9215,910.67,2025-08-12
U684,5785XXXX1594,730.16,2025-07-11
U140,0968XXXX7182,610.92,2024-12-08
U590,8873XXXX0192,195.15,2025-06-10
U733,2073XXXX5844,754.21,2024-12-25
U369,2559XXXX2073,711.29,2025-10-06
U346,3927XXXX1214,901.66,2025-02-10
U889,5159XXXX3067,324.35,2025-07-14
U130,3078XXXX0533,983.18,2025-04-30
U387,8644XXXX9947,461.91,2025-10-07
U691,8515XXXX9023,732.06,2024-12-25
U174,0880XXXX1661,195.26,2025-07-22
U634,9273XXXX0614,551.96,2025-05-18
U290,9341XXXX4788,437.25,2025-09-29
U910,1053XXXX5701,667.84,2025-02-27
U775,6085XXXX0782,208.13,2025-01-27
U801,4928XXXX8098,752.07,2025-08-14
U264,5994XXXX5177,754.01,2024-12-09
U973,1182XXXX9685,600.7,2025-07-08
U468,9970XXXX6548,855.07,2025-07-20
U501,0079XXXX2274,653.15,2025-04-03
U162,7563XXXX8330,604.37,2025-02-14
U603,4592XXXX8498,358.56,2025-06-10
U291,5628XXXX8656,790.22,2025-03-26
U977,0872XXXX8308,626.68,2025-03-24
U982,1879XXXX7989,413.77,2024-11-19
U240,5258XXXX0362,985.91,2025-06-06
U296,6356XXXX8380,400.31,2025-01-31
U921,7219XXXX4420,163.25,2024-12-04
U430,2092XXXX7934,665.46,2025-09-16
U924,5654XXXX5939,501.7,2025-04-28
U782,7084XXXX1992,693.77,2025-01-09
U448,2078XXXX6542,397.32,2025-02-23
U990,5706XXXX9731,730.89,2025-08-10
U880,9004XXXX5634,560.15,2025-03-29
U873,5302XXXX3468,396.08,2025-09-21
U164,0739XXXX0562,662.84,2025-10-08
U629,2405XXXX3740,244.05,2025-02-01
U937,0754XXXX2566,529.47,2024-12-16
U625,4586XXXX7526,763.94,2025-01-16
U804,2484XXXX7387,606.53,2025-01-16
U773,8890XXXX1286,68.88,2025-09-12
U895,3726XXXX2307,302.86,2025-08-13
U991,0309XXXX5725,540.43,2025-06-02
U925,9859XXXX8178,132.05,2024-11-21
U393,8421XXXX0798,327.89,2024-10-15
U240,7044XXXX8243,821.16,2024-11-19
U701,9722XXXX0587,659.83,2025-01-08
U698,8582XXXX6312,379.0,2025-01-20
U679,3769XXXX5531,974.81,2025-05-21
U719,6199XXXX0064,496.97,2025-06-10
U974,1956XXXX5732,662.65,2025-04-29
U552,2901XXXX1227,227.27,2024-11-22
U880,1675XXXX4563,121.99,2025-03-25
U597,1689XXXX2992,157.13,2025-05-08
U295,2959XXXX8815,597.41,2025-06-29
U908,4485XXXX8185,227.13,2025-10-03
U657,5186XXXX7601,215.05,2024-12-25
U112,0145XXXX5968,20.74,2025-01-18
U538,5982XXXX6213,853.06,2025-04-07
U836,7574XXXX4599,612.22,2025-09-28
U714,0089XXXX0367,306.29,2024-11-09
U317,7323XXXX2816,573.78,2025-07-16
U566,7438XXXX7858,976.84,2025-06-19
U295,4758XXXX6931,526.61,2024-12-07
U960,7669XXXX8752,619.64,2025-01-08
U524,0563XXXX3255,421.56,2025-06-08
U561,1229XXXX4263,28.42,2025-05-30
U572,4307XXXX4260,751.34,2025-01-07
U832,3354XXXX5075,573.34,2025-02-18
U177,9667XXXX7293,471.98,2025-06-09
U135,7667XXXX6116,342.7,2025-09-16
U831,7640XXXX7032,698.43,2025-04-01
U901,8769XXXX5435,919.66,2025-06-01
U834,5073XXXX7466,853.28,2025-02-14
U294,2670XXXX9772,144.65,2025-05-26
U258,8296XXXX8492,278.85,2025-04-30
U696,5825XXXX5747,875.36,2025-09-19
U643,2238XXXX3564,572.6,2025-05-12
U362,2980XXXX9512,256.68,2025-05-26
U378,5012XXXX0880,760.69,2024-12-01
U459,0271XXXX1681,400.7,2025-09-11
U351,3916XXXX2399,404.63,2024-12-14
U948,3118XXXX4683,331.7,2025-04-28
U809,8134XXXX3581,765.53,2025-06-17
U165,4514XXXX7780,143.26,2024-12-12
U193,6189XXXX1897,442.8,2025-08-22
U843,0421XXXX0241,13.24,2025-01-09
U612,7688XXXX1118,170.72,2025-10-02
U772,0061XXXX7949,779.83,2024-12-06
U492,9381XXXX1751,883.8,2025-06-04
U962,1006XXXX7949,280.97,2025-01-24
U517,3562XXXX5029,839.09,2025-08-17
U194,4339XXXX2504,996.24,2025-07-21
U308,5967XXXX6225,583.03,2025-07-22
U162,5922XXXX9776,655.57,2024-10-28
U942,7821XXXX1415,800.7,2024-12-27
U970,9778XXXX3072,949.25,2025-05-19
U818,1622XXXX6527,706.18,2025-03-22
U566,3610XXXX1859,462.17,2025-07-14
U163,1159XXXX1436,947.45,2025-01-11
U836,1503XXXX5879,624.01,2025-05-19
U170,4294XXXX4707,587.28,2025-03-24
U578,3197XXXX6676,170.46,2025-01-12
U551,9806XXXX9128,774.24,2025-08-08
U290,7899XXXX2950,809.52,2025-05-27
U919,7755XXXX8384,468.87,2025-03-09
U406,8774XXXX9117,691.81,2025-08-01
U425,4224XXXX1717,72.66,2024-12-14
U847,3452XXXX8942,936.14,2025-01-21
U695,9166XXXX4029,858.47,2025-06-22
U731,9171XXXX4514,868.4,2025-05-31
U186,5250XXXX4974,249.1,2024-11-15
U564,0363XXXX6611,474.04,2025-10-08
U730,8959XXXX5411,57.59,2025-03-26
U210,2128XXXX7572,228.73,2024-12-17
U796,8137XXXX7705,509.81,2025-07-23
U902,6409XXXX7783,288.34,2025-03-26
U254,4242XXXX3824,256.73,2025-06-01
U530,4609XXXX4043,475.68,2025-05-30
U534,6063XXXX0522,243.98,2024-12-16
U630,6875XXXX0790,265.81,2025-03-16
U354,8823XXXX6156,366.69,2025-02-27
U181,2211XXXX1167,311.71,2025-10-14
U796,6995XXXX3237,283.07,2025-05-26
U220,6041XXXX1147,405.16,2024-11-11
U770,5889XXXX7126,47.3,2025-01-30
U209,0043XXXX1978,223.41,2025-10-11
U569,7252XXXX3003,501.13,2025-06-24
U640,3111XXXX3661,661.4,2025-02-09
U960,4385XXXX4036,25.56,2025-09-14
U905,6130XXXX1061,597.97,2025-04-25
U504,5716XXXX3565,986.81,2025-07-03
U700,9129XXXX2074,18.88,2024-11-14
U256,6264XXXX0762,839.38,2024-12-01
U147,2565XXXX3538,969.12,2025-06-14
U570,7721XXXX9448,649.06,2025-02-02
U966,2737XXXX6637,589.52,2025-02-09
U953,0950XXXX6437,85.5,2025-03-01
U989,8151XXXX5063,480.99,2024-12-01
U859,0236XXXX0555,408.68,2025-09-16
U607,1992XXXX7369,765.14,2025-03-10
U913,6839XXXX2922,646.63,2025-08-25
U605,1047XXXX8156,661.78,2024-12-10
U871,8308XXXX0753,415.45,2025-05-04
U893,8764XXXX1135,902.94,2025-04-20
U817,6201XXXX2409,439.07,2025-07-21
U897,9499XXXX4723,40.31,2025-09-03
U371,7284XXXX1982,787.71,2025-06-09
U166,2873XXXX6406,849.81,2025-10-01
U685,2822XXXX4090,379.55,2025-04-03
U723,3178XXXX5093,467.47,2025-02-12
U295,0748XXXX8317,737.77,2024-11-18
U420,7518XXXX5092,562.33,2024-11-12
U614,0539XXXX6748,820.02,2025-03-28
U435,0224XXXX6154,282.09,2025-04-02
U771,2892XXXX4444,627.85,2025-10-14
U763,7804XXXX2405,950.89,2025-06-04
U290,0572XXXX3185,755.43,2025-09-12
U885,0021XXXX1380,418.71,2025-05-27
U127,6969XXXX0968,937.19,2025-05-18
U129,0544XXXX3759,94.54,2025-09-30
U143,9961XXXX7524,289.78,2024-12-17
U398,4606XXXX6582,765.63,2025-09-10
U977,3691XXXX9909,340.54,2025-10-07
U220,0587XXXX8778,857.55,2025-05-28
U723,9623XXXX6534,644.15,2025-06-29
U192,6828XXXX7901,230.16,2025-06-12
U766,4909XXXX9607,445.36,2025-05-13
U663,8635XXXX5396,323.32,2025-04-12
U943,9991XXXX7318,104.55,2025-05-26
U700,8396XXXX2935,626.05,2025-08-01
U477,5206XXXX5854,289.46,2025-08-21
U789,0630XXXX7493,783.8,2025-07-17
U916,2420XXXX2455,896.45,2025-07-09
U731,4474XXXX7959,179.53,2025-02-04
U578,1909XXXX9254,738.31,2025-04-04
U853,2414XXXX5529,295.74,2025-02-01
U889,3476XXXX5483,242.51,2024-11-09
U660,4736XXXX8579,973.16,2025-02-23
U308,2207XXXX5865,232.74,2025-03-24
U713,8868XXXX2860,867.03,2024-12-17
U247,9073XXXX9589,454.19,2025-07-02
U303,0151XXXX6047,440.59,2025-01-24
U680,7042XXXX4903,980.53,2025-02-18
U900,6429XXXX0997,949.87,2025-05-09
U299,3962XXXX9204,842.74,2024-11-11
U210,4850XXXX4239,952.01,2025-04-17
U471,7733XXXX5189,175.14,2025-02-28
U819,7458XXXX4505,519.12,2025-05-18
U103,5298XXXX2262,146.39,2025-03-30
U696,3410XXXX5579,289.56,2025-09-17
U367,9548XXXX0715,897.42,2024-12-29
U891,6189XXXX0214,95.27,2024-12-20
U957,4756XXXX2571,203.37,2025-03-22
U614,1411XXXX8038,905.6,2024-11-29
U123,8281XXXX3418,511.72,2025-07-26
U431,8645XXXX8048,440.1,2025-07-30
U256,3707XXXX4854,101.46,2025-05-27
U424,5252XXXX5701,156.94,2025-06-28
U445,3178XXXX3268,61.96,2025-10-05
U905,3459XXXX3920,843.42,2025-04-26
U231,1744XXXX8301,903.11,2025-07-14
U443,8908XXXX1097,885.78,2025-06-08
U931,9232XXXX4131,485.84,2025-09-25
U857,1675XXXX8819,329.12,2025-03-06
U456,5747XXXX6045,979.19,2024-12-05
U980,2912XXXX5539,80.21,2024-11-11
U253,2422XXXX0628,692.67,2025-01-14
U800,5226XXXX1149,497.85,2024-10-29
U233,8811XXXX0500,395.93,2025-04-02
U444,1680XXXX5995,695.11,2024-10-16
U609,5990XXXX4834,693.25,2025-10-14
U167,2348XXXX5637,810.17,2025-10-12
U196,7349XXXX7632,623.28,2024-11-05
U499,4206XXXX0352,409.88,2025-01-29
U373,5875XXXX7214,869.96,2025-06-26
U978,4471XXXX5622,681.16,2024-11-22
U988,2607XXXX2386,451.45,2025-09-18
U562,7411XXXX4718,363.29,2024-10-27
U121,8367XXXX1828,785.02,2025-06-23
U165,4302XXXX3092,520.14,2025-01-24
U466,8332XXXX8476,574.33,2025-09-12
U429,6504XXXX3457,583.65,2025-09-28
U672,4642XXXX5145,694.1,2025-02-18
U888,6997XXXX7667,744.44,2025-02-21
U867,4616XXXX6785,719.54,2025-03-22
U908,8791XXXX0630,98.09,2025-06-04
U739,0710XXXX4644,562.64,2025-05-10
U741,6360XXXX9766,677.53,2025-02-28
U516,6420XXXX0555,467.5,2025-07-02
U465,5002XXXX3560,51.07,2025-05-03
U457,1752XXXX5658,142.54,2024-12-27
U158,1598XXXX2581,149.51,2024-12-18
U853,4310XXXX8033,621.91,2025-04-02
U773,8031XXXX1547,924.36,2025-02-26
U464,5849XXXX2982,811.37,2025-03-25
U534,6396XXXX1068,799.61,2024-12-18
U155,7323XXXX4399,921.83,2025-03-28
U522,2219XXXX9784,55.69,2025-08-12
U624,5648XXXX7498,361.8,2024-12-27
U455,5419XXXX7131,830.6,2025-05-06
U345,8641XXXX0519,725.5,2025-09-23
U208,4204XXXX4447,943.72,2025-02-06
U766,0833XXXX1446,31.56,2024-12-28
U763,5205XXXX8027,132.55,2024-12-23
U813,2743XXXX9607,554.44,2025-05-05
U614,8595XXXX7291,229.25,2025-09-12
U144,2496XXXX3651,348.55,2025-09-30
U598,1482XXXX8383,732.3,2025-04-08
U154,5037XXXX6988,915.64,2025-03-12
U881,1931XXXX8489,373.85,2025-01-01
U771,8686XXXX6022,583.06,2025-01-12
U748,5107XXXX7186,464.31,2025-10-11
U802,3821XXXX2927,886.51,2025-09-04
U977,4328XXXX1048,372.42,2025-04-24
U207,7024XXXX6065,422.76,2025-06-24
U910,3314XXXX3061,850.77,2025-02-24
U437,7114XXXX3219,313.66,2025-02-23
U540,3646XXXX3602,192.27,2025-03-20
U809,8460XXXX7595,412.92,2025-04-06
U124,9268XXXX1062,844.02,2025-04-07
U645,2973XXXX7534,966.67,2025-05-06
U302,6870XXXX2792,710.34,2025-01-10
U531,4415XXXX7204,14.26,2025-01-28
U330,1140XXXX0824,283.78,2025-03-13
U616,3886XXXX8150,189.53,2025-08-27
U433,2699XXXX7381,400.31,2025-06-29
U781,4331XXXX2005,920.15,2025-02-25
U912,3459XXXX1103,746.86,2025-09-25
U748,0557XXXX3630,466.69,2025-03-13
U564,1886XXXX4191,666.75,2025-09-06
U972,4559XXXX2515,339.69,2025-03-17
U816,7861XXXX0874,932.5,2025-06-06
U544,8526XXXX0653,369.42,2025-04-23
U578,9335XXXX6202,165.74,2024-12-10
U186,5846XXXX5395,235.81,2024-12-16
U317,4509XXXX3598,778.24,2025-06-02
U732,6502XXXX9505,697.72,2025-10-13
U868,1572XXXX8968,877.28,2025-01-14
U771,5044XXXX4142,624.11,2025-10-05
U810,9791XXXX1252,443.74,2025-09-23
U681,6523XXXX0244,490.05,2025-03-01
U246,0951XXXX8662,322.63,2024-12-19
U846,0743XXXX4234,665.48,2024-12-11
U939,0601XXXX4777,688.67,2024-12-23
U156,2143XXXX8940,194.93,2025-06-28
U260,9389XXXX6385,940.41,2025-04-24
U124,5674XXXX0786,281.32,2024-11-13
U494,8984XXXX2374,165.43,2025-01-10
U996,7567XXXX4120,10.82,2025-03-13
U393,5002XXXX1129,704.91,2024-12-07
U469,6812XXXX0720,929.61,2024-12-24
U184,9957XXXX6479,797.07,2024-12-24
U204,1099XXXX2265,154.11,2024-10-25
U982,3913XXXX2966,788.64,2025-01-07
U611,7671XXXX0903,506.27,2025-02-23
U585,1790XXXX7577,660.47,2025-01-13
U926,3481XXXX8943,377.05,2025-01-19
U575,8183XXXX7013,705.25,2024-11-10
U127,1806XXXX6822,504.34,2025-05-30
U304,7843XXXX9712,733.4,2025-07-06
U444,3498XXXX8536,622.4,2025-03-05
U128,3779XXXX3217,501.07,2025-05-26
U843,5729XXXX3170,379.28,2024-11-30
U994,3347XXXX4776,669.34,2025-03-02
U470,2709XXXX8080,381.0,2025-09-26
U213,1733XXXX0127,520.32,2025-08-28
U833,9959XXXX3708,942.42,2025-09-09
U389,8036XXXX9458,330.99,2025-03-13
U174,3683XXXX7977,636.1,2025-07-02
U773,3474XXXX9451,102.07,2024-10-17
U884,2590XXXX7700,889.22,2025-05-08
U497,5150XXXX0188,844.18,2025-01-10
U525,6442XXXX0436,11.06,2025-03-16
U618,1991XXXX3108,196.78,2025-04-20
U842,9783XXXX9381,460.84,2025-07-07
U748,6259XXXX0734,576.01,2025-05-21
U699,9209XXXX7628,554.5,2025-04-21
U990,9821XXXX2812,463.22,2024-12-22
U928,1570XXXX9889,982.07,2025-03-15
U122,8931XXXX9162,470.01,2025-02-12
U571,7130XXXX7459,535.79,2024-12-24
U995,9448XXXX4525,838.5,2025-10-04
U717,0254XXXX8901,345.02,2025-05-10
U977,8627XXXX4232,907.37,2025-08-14
U552,2891XXXX3972,704.82,2025-06-08
U981,2139XXXX1583,561.81,2025-08-08
U663,1115XXXX7324,890.57,2025-02-26
U802,4489XXXX1297,539.08,2025-08-29
U934,0478XXXX5392,455.92,2025-03-11
U649,0866XXXX8367,284.01,2024-11-12
U119,7546XXXX0406,324.97,2025-08-25
U276,5986XXXX1514,235.92,2025-06-19
U829,2409XXXX6084,714.55,2024-10-28
U729,7506XXXX5272,842.59,2025-05-05
U774,8783XXXX7246,621.87,2024-12-18
U841,7809XXXX4013,277.55,2025-01-30
U840,4256XXXX3819,311.39,2025-10-12
U474,3771XXXX2258,240.14,2025-01-19
U953,1604XXXX5000,576.09,2025-07-09
U474,0449XXXX4921,878.08,2025-01-01
U802,0453XXXX0822,840.52,2024-12-21
U205,7080XXXX5130,193.97,2025-09-30
U914,3222XXXX2404,817.0,2024-12-05
U213,0721XXXX0687,141.21,2025-05-18
U829,0085XXXX7856,808.36,2025-09-10
U399,7817XXXX6251,835.63,2025-08-23
U519,5507XXXX0959,196.42,2025-02-13
U754,2243XXXX8099,919.7,2025-03-23
U378,0560XXXX9945,645.02,2025-02-26
U319,7772XXXX6117,425.71,2025-08-16
U860,4420XXXX9465,738.02,2025-10-08
U444,0486XXXX5413,876.3,2025-02-17
U636,2648XXXX0217,703.15,2025-06-25
U836,4555XXXX0559,177.43,2024-11-17
U604,0164XXXX1370,577.65,2025-04-05
U542,1201XXXX5939,199.93,2025-09-09
U627,7238XXXX0266,149.32,2025-08-01
U678,0083XXXX8907,510.04,2025-07-26
U796,8099XXXX2074,283.78,2025-01-07
U253,4932XXXX3172,173.03,2024-12-21
U403,7926XXXX4092,164.89,2024-11-15
U409,4135XXXX3098,487.7,2025-08-13
U138,2165XXXX0579,165.38,2024-12-19
U482,8563XXXX7842,502.69,2025-03-22
U243,8924XXXX3162,70.37,2025-02-19
U537,6282XXXX3799,369.7,2025-01-08
U191,9791XXXX0595,540.34,2025-06-06
U143,7750XXXX7429,570.29,2025-08-19
U926,3310XXXX1083,463.66,2024-12-13
U439,8665XXXX7500,498.69,2025-09-30
U798,7376XXXX0234,647.84,2025-07-08
U809,0092XXXX2542,778.79,2025-07-26
U133,0683XXXX2342,349.52,2025-09-13
U951,4075XXXX9580,676.15,2025-02-22
U950,1870XXXX5439,852.47,2025-07-18
U588,9510XXXX0078,122.4,2025-02-20
U998,4858XXXX3334,337.52,2024-11-28
U413,1385XXXX6719,761.8,2025-06-05
U128,8128XXXX3529,959.46,2025-04-14
U103,3491XXXX4992,664.26,2024-11-30
U876,8916XXXX2503,76.25,2025-04-11
U439,7646XXXX6784,130.35,2025-07-01
U864,6308XXXX2046,124.74,2025-03-28
U879,8357XXXX7343,530.14,2025-02-17
U582,3786XXXX8445,311.1,2025-05-03
U215,6186XXXX6507,351.21,2025-03-05
U162,5767XXXX1714,471.75,2025-04-20
U343,0875XXXX6863,884.24,2025-07-07
U240,3454XXXX3880,843.7,2025-05-30
U507,4601XXXX3215,869.88,2025-08-26
U576,4982XXXX7587,468.88,2025-06-29
U622,1632XXXX4766,194.15,2025-05-09
U280,1850XXXX0480,512.62,2025-09-19
U626,6877XXXX8318,420.46,2025-04-30
U269,0303XXXX4502,291.76,2025-07-17
U382,8617XXXX6694,797.88,2025-07-03
U106,6928XXXX0259,820.89,2025-03-22
U975,3469XXXX3495,171.14,2025-03-15
U533,7882XXXX7774,761.69,2025-01-28
U398,9889XXXX8409,433.42,2025-03-03
U230,6961XXXX9753,43.76,2025-01-10
U273,1883XXXX0637,458.9,2025-01-21
U205,9160XXXX5870,745.98,2025-01-01
U870,6039XXXX8785,249.83,2025-08-01
U785,7572XXXX4454,344.58,2025-03-29
U315,5170XXXX2296,409.53,2025-03-20
U157,0777XXXX4026,108.38,2024-11-21
U950,0960XXXX2973,562.0,2024-11-03
U298,9009XXXX0593,87.79,2024-12-22
U507,4401XXXX0003,926.39,2024-11-19
U531,1532XXXX6213,247.02,2025-03-09
U926,3646XXXX9236,619.26,2025-08-04
U406,4125XXXX7522,809.0,2025-02-10
U158,6898XXXX2394,978.24,2025-07-21
U295,9935XXXX9544,183.82,2025-03-05
U460,8525XXXX8658,585.58,2025-01-23
U998,9644XXXX3973,730.91,2025-10-02
U572,4289XXXX3966,176.6,2024-11-08
U676,3510XXXX0616,317.27,2025-10-15
U767,3176XXXX3694,131.49,2025-08-19
U764,4971XXXX6432,552.44,2025-04-25
U703,8897XXXX0751,666.17,2024-10-31
U624,7955XXXX7889,698.53,2025-09-06
U748,2212XXXX2595,924.14,2024-12-17
U100,5319XXXX6483,606.05,2025-10-15
U676,2507XXXX5599,439.94,2025-08-04
U380,9821XXXX2686,102.58,2025-06-29
U356,0601XXXX6942,573.6,2025-05-29
U181,5987XXXX8492,181.19,2025-07-04
U253,6646XXXX5733,521.73,2025-08-02
U165,1165XXXX1970,525.12,2025-07-19
U484,8785XXXX4949,241.5,2025-09-17
U624,8913XXXX7384,355.28,2024-10-24
U953,8749XXXX6729,707.54,2025-09-29
U809,1716XXXX9729,199.96,2025-02-05
U818,4249XXXX5219,911.12,2025-03-21
U857,6104XXXX9226,913.39,2025-06-15
U510,4942XXXX0415,290.45,2025-07-17
U678,7089XXXX5220,226.73,2025-08-16
U522,1521XXXX8798,568.31,2025-03-11
U147,0495XXXX6987,359.85,2025-07-22
U891,8184XXXX7265,99.47,2025-03-16
U992,1071XXXX9144,307.56,2025-04-06
U303,3593XXXX6676,861.88,2025-02-21
U309,7114XXXX2989,206.76,2025-09-22
U822,0207XXXX1073,50.18,2025-06-20
U945,4404XXXX2702,855.63,2025-04-07
U284,2197XXXX0702,439.09,2025-03-17
U448,6744XXXX1819,762.24,2025-08-22
U557,0466XXXX7309,762.93,2025-09-03
U349,3385XXXX4658,197.26,2025-07-16
U308,6188XXXX3370,425.74,2025-04-29
U788,8107XXXX3985,209.42,2025-06-23
U732,1132XXXX1703,667.77,2025-06-10
U425,7458XXXX9871,469.54,2024-11-20
U524,2159XXXX3072,351.5,2025-03-11
U306,9780XXXX2165,348.79,2025-09-16
U364,1524XXXX9880,99.97,2025-08-01
U621,6069XXXX9594,575.87,2025-04-09
U964,3325XXXX2334,77.1,2025-02-28
U890,1466XXXX5677,557.13,2025-03-06
U870,3640XXXX4037,131.94,2025-08-21
U491,2595XXXX9592,17.37,2025-06-29
U108,5701XXXX9489,299.9,2025-07-08
U123,3732XXXX1727,303.67,2025-01-15
U776,6542XXXX4965,309.76,2024-10-19
U833,8036XXXX1460,124.51,2025-10-09
U332,2469XXXX5147,871.62,2025-09-03
U289,0636XXXX8487,194.04,2025-04-28
U460,0594XXXX7966,621.99,2025-09-29
U323,7209XXXX9890,456.33,2025-10-07
U186,2179XXXX1795,907.54,2025-05-07
U518,6920XXXX9027,841.66,2025-05-28
U958,4921XXXX9108,969.43,2025-05-13
U199,0230XXXX5458,500.45,2024-12-10
U737,8382XXXX4782,942.34,2024-12-27
U411,2175XXXX7247,430.8,2025-10-05
U567,1076XXXX4924,938.12,2025-08-16
U961,1007XXXX8887,187.09,2025-05-06
U930,6313XXXX5745,889.04,2025-04-27
U496,3275XXXX8347,41.57,2025-09-04
U391,9001XXXX0860,308.9,2025-03-10
U272,3504XXXX0111,213.73,2025-09-01
U934,3417XXXX6934,426.92,2025-10-01
U810,2112XXXX3107,611.18,2025-07-21
U581,2284XXXX7137,89.1,2024-11-29
U514,7910XXXX9057,888.47,2025-04-15
U591,9469XXXX0438,256.41,2025-08-14
U661,1353XXXX2816,56.69,2025-06-01
U540,3158XXXX9065,908.63,2025-08-15
U933,4441XXXX2337,151.61,2025-06-27
U853,5374XXXX9424,559.2,2024-11-13
U899,7127XXXX3636,844.1,2025-10-02
U866,7600XXXX3469,224.63,2025-04-13
U192,1206XXXX8271,380.66,2025-09-18
U871,2479XXXX1848,475.67,2024-11-02
U875,8217XXXX2534,518.91,2024-10-23
U528,9636XXXX7961,110.44,2024-12-12
U973,2432XXXX4967,704.15,2025-09-28
U288,2158XXXX8719,945.18,2025-05-21
U628,7637XXXX4013,908.72,2025-04-29
U632,5142XXXX9440,267.32,2024-12-14
U570,4042XXXX4469,34.06,2025-06-09
U335,6646XXXX3564,36.74,2025-10-14
U562,1441XXXX0101,223.98,2025-05-05
U635,2688XXXX8157,459.48,2025-04-04
U629,5165XXXX2602,606.5,2024-10-25
U431,5392XXXX7835,600.03,2025-01-23
U341,0842XXXX3637,239.15,2025-07-18
U228,4815XXXX3795,450.36,2025-10-02
U569,1001XXXX1269,137.9,2025-04-24
U638,2700XXXX2432,625.91,2025-07-15
U527,1225XXXX4409,395.78,2025-05-20
U310,3062XXXX3865,165.04,2025-04-04
U254,3298XXXX0549,789.42,2025-09-04
U924,3025XXXX3739,749.6,2025-06-13
U236,7051XXXX1642,639.91,2025-02-24
U693,7941XXXX9974,83.98,2024-11-19
U515,5217XXXX4803,609.75,2025-03-14
U695,0586XXXX8416,819.68,2025-01-07
U899,6832XXXX6382,512.46,2025-09-09
U108,1858XXXX8025,772.34,2025-06-01
U616,2499XXXX9597,275.93,2025-08-26
U537,9475XXXX0415,228.39,2025-02-02
U783,0884XXXX2889,897.33,2025-04-24
U843,0371XXXX7417,369.34,2025-08-04
U351,8978XXXX1601,386.76,2025-04-04
U911,0714XXXX0507,790.16,2025-10-14
U970,1728XXXX5788,752.19,2025-03-24
U657,5571XXXX1337,794.0,2025-03-04
U224,3858XXXX1862,187.1,2025-05-27
U704,6612XXXX9720,422.05,2025-10-10
U495,1067XXXX9687,28.76,2025-08-19
U922,3784XXXX4676,457.37,2025-10-13
U222,7791XXXX5495,551.61,2024-12-12
U126,8238XXXX9104,797.07,2025-09-10
U814,3991XXXX4476,97.33,2025-04-27
U576,8584XXXX1454,793.23,2024-12-25
U945,5850XXXX7234,903.17,2025-04-13
U380,9428XXXX6021,446.59,2025-07-14
U396,1538XXXX1956,633.78,2024-11-06
U857,2927XXXX8733,838.23,2025-07-27
U681,0629XXXX8424,935.43,2025-08-14
U514,6001XXXX9793,672.61,2024-11-22
U334,1503XXXX7155,549.07,2025-02-17
U168,0637XXXX7543,452.45,2025-06-04
U430,2845XXXX0300,984.8,2025-09-29
U390,3656XXXX0589,279.36,2025-08-11
U605,4778XXXX5610,79.02,2025-08-23
U227,5314XXXX0398,119.02,2025-03-08
U451,1091XXXX4986,554.22,2025-04-07
U186,9288XXXX7148,67.21,2025-01-23
U351,2335XXXX4624,652.56,2025-03-13
U100,6921XXXX0865,946.28,2025-05-21
U208,4805XXXX4303,868.35,2025-05-24
U892,5626XXXX0850,373.68,2025-07-04
U180,1770XXXX6149,767.9,2024-12-05
U712,5546XXXX4212,642.7,2025-06-18
U354,5216XXXX9609,198.13,2025-05-30
U186,6315XXXX2881,66.3,2025-01-23
U348,7705XXXX5949,733.09,2025-06-09
U551,1945XXXX1767,759.53,2025-09-17
U181,7761XXXX0614,157.27,2025-02-21
U782,6053XXXX8944,406.25,2025-08-17
U856,6618XXXX0987,102.97,2024-11-05
U596,6970XXXX5238,141.37,2025-01-29
U924,1325XXXX1662,466.41,2025-08-17
U197,9957XXXX3413,601.22,2025-04-03
U971,7448XXXX9653,36.94,2025-07-02
U732,0445XXXX2489,524.24,2025-08-03
U460,3975XXXX8544,20.72,2025-07-07
U724,0318XXXX8322,947.18,2025-08-11
U462,7620XXXX1996,464.07,2025-02-25
U752,4002XXXX8076,285.57,2025-04-06
U438,8498XXXX4468,85.54,2025-05-22
U750,3969XXXX8547,488.28,2024-12-16
U644,1142XXXX3866,853.41,2025-10-08
U168,6148XXXX9399,302.97,2025-05-28
U960,2836XXXX5680,930.5,2024-12-05
U159,7814XXXX4038,120.4,2025-02-19
U242,5692XXXX4045,462.75,2024-11-18
U644,2843XXXX1948,299.86,2025-08-01
U146,7736XXXX4132,226.48,2025-09-26
U108,8609XXXX7479,523.4,2025-07-29
U839,0371XXXX7206,106.97,2025-09-05
U925,1765XXXX1862,96.84,2025-10-11
U333,2620XXXX4192,641.01,2025-08-21
U867,2900XXXX4442,492.56,2025-01-04
U119,9889XXXX3115,752.25,2025-02-22
U487,6516XXXX9988,151.52,2025-09-08
U945,9579XXXX9749,308.87,2025-09-20
U813,7078XXXX4409,961.82,2025-05-15
U691,2676XXXX3870,177.41,2025-06-29
U518,0668XXXX8290,508.85,2025-03-07
U819,9845XXXX6949,258.45,2024-12-11
U502,1082XXXX4037,791.7,2025-04-16
U516,3073XXXX2484,310.59,2025-02-04
U507,8593XXXX3389,729.97,2025-03-29
U817,4139XXXX1455,54.32,2025-07-10
U952,8657XXXX1866,161.8,2025-06-22
U416,2966XXXX4883,692.66,2025-05-26
U958,5413XXXX9165,647.79,2024-12-25
U640,3973XXXX8673,460.58,2024-10-15
U971,5842XXXX0836,172.42,2025-04-10
U917,6677XXXX1931,704.56,2025-07-13
U362,4073XXXX3269,455.98,2025-02-05
U885,7987XXXX3714,567.15,2025-02-18
U234,3086XXXX2568,815.15,2024-12-12
U293,1378XXXX7899,116.2,2025-02-03
U338,9097XXXX9960,383.08,2025-09-27
U191,5709XXXX7651,562.28,2025-04-27
U450,5469XXXX1808,397.75,2025-09-24
U954,5933XXXX0169,333.02,2025-07-19
U788,4827XXXX2078,865.93,2025-03-16
U401,5738XXXX2247,964.43,2024-12-14
U659,9569XXXX2722,762.31,2025-05-29
U535,3459XXXX2406,236.96,2025-04-08
U492,3041XXXX7933,233.24,2025-06-06
U617,5609XXXX0951,910.9,2025-03-29
U423,4543XXXX7044,826.49,2025-09-13
U222,1003XXXX0428,423.67,2024-11-23
U586,3306XXXX2213,473.42,2025-04-02
U524,0497XXXX8213,369.83,2025-05-28
U874,9289XXXX3984,768.27,2025-01-28
U103,4148XXXX9090,509.42,2024-10-31
U278,9587XXXX2132,68.33,2025-05-21
U462,4767XXXX7483,489.09,2024-12-01
U978,3138XXXX9471,892.07,2025-09-07
U204,8983XXXX4630,605.3,2025-01-28
U655,2389XXXX7622,953.41,2025-10-08
U690,8288XXXX4938,307.01,2025-08-30
U234,0546XXXX0186,99.05,2025-02-13
U189,6618XXXX4003,750.32,2024-10-15
U620,1823XXXX5424,772.4,2025-09-21
U758,7946XXXX0815,467.49,2025-09-23
U143,5866XXXX8323,64.95,2025-09-10
U239,5902XXXX2507,419.65,2025-01-07
U355,8430XXXX0612,95.57,2025-09-01
U209,4727XXXX7625,606.55,2025-07-20
U458,3846XXXX1046,542.18,2025-08-15
U703,2393XXXX0081,635.86,2025-09-08
U815,6625XXXX4373,205.75,2025-06-07
U327,8089XXXX3408,424.52,2025-05-24
U633,0001XXXX3712,777.06,2025-02-20
U477,4356XXXX0875,614.88,2025-07-31
U476,3507XXXX2471,94.15,2025-03-27
U953,8370XXXX8581,517.42,2024-11-25
U620,7450XXXX3038,695.58,2025-01-10
U886,3033XXXX9884,818.84,2025-03-23
U578,5738XXXX3677,312.48,2025-05-15
U853,6994XXXX7464,936.97,2025-08-24
U952,4665XXXX1045,457.8,2025-08-19
U418,8981XXXX7288,854.99,2024-12-10
U598,3800XXXX1171,993.02,2024-11-23
U629,9559XXXX8316,770.45,2025-10-01
U601,6385XXXX7272,946.95,2025-04-01
U991,0356XXXX1235,847.46,2025-02-11
U354,0038XXXX2961,318.05,2025-09-16
U644,6812XXXX1020,951.64,2024-11-02
U796,5039XXXX7463,663.57,2025-10-01
U896,5325XXXX8464,613.51,2024-11-04
U914,1015XXXX2503,734.04,2025-04-16
U840,8949XXXX6681,903.09,2025-05-21
U363,9795XXXX6271,443.17,2025-09-05
U158,8323XXXX3145,497.43,2024-12-03
U837,1432XXXX1683,764.85,2025-07-24
U178,7890XXXX6369,567.16,2024-12-04
U271,7561XXXX3287,700.88,2025-02-04
U286,7671XXXX5736,788.21,2025-01-24
U195,6730XXXX2146,940.79,2025-09-03
U121,1866XXXX2514,685.6,2025-02-15
U950,7015XXXX4883,834.56,2025-07-14
U741,2204XXXX7394,251.6,2025-08-04
U367,4739XXXX0637,245.29,2025-05-29
U619,0799XXXX6369,660.93,2025-03-04
U646,4740XXXX7294,842.15,2025-08-05
U360,3378XXXX5823,25.35,2024-10-15
U722,1072XXXX5571,671.35,2024-11-27
U123,4108XXXX0177,876.33,2025-09-22
U935,5255XXXX9245,902.55,2024-12-24
U652,7502XXXX5001,767.21,2025-02-03
U261,0176XXXX8311,342.54,2024-12-31
U178,4829XXXX9465,875.65,2025-09-03
U264,1788XXXX9842,350.22,2025-05-09
U672,8583XXXX5834,435.83,2025-05-01
U202,3777XXXX5254,698.16,2025-08-19
U989,0967XXXX9919,571.6,2025-04-08
U521,3166XXXX7791,651.68,2025-09-27
U424,9516XXXX8989,743.2,2025-04-04
U191,2552XXXX1876,618.07,2025-03-08
U208,6990XXXX9844,795.84,2024-10-17
U173,4732XXXX2812,321.05,2024-12-23
U703,8944XXXX3947,760.96,2025-06-28
U767,7488XXXX9363,93.27,2025-07-28
U988,8662XXXX0026,184.64,2025-02-25
U856,5792XXXX2115,114.17,2025-07-25
U221,0019XXXX7675,211.75,2024-11-01
U960,4962XXXX7838,703.91,2025-03-18
U440,8075XXXX7029,92.61,2025-03-02
U793,5977XXXX9315,930.0,2025-03-20
U335,4178XXXX7362,658.33,2025-06-02
U821,3350XXXX3703,261.62,2024-12-18
U372,8719XXXX3506,168.54,2025-03-19
U650,4045XXXX7488,505.88,2025-08-03
U124,3820XXXX1522,786.94,2025-05-15
U338,6512XXXX0609,29.93,2025-02-08
U678,7268XXXX7756,399.56,2024-12-15
U474,9118XXXX6669,785.45,2024-10-27
U864,5293XXXX9356,931.07,2025-02-07
U964,6155XXXX4879,418.03,2025-09-30
U414,7361XXXX3643,629.72,2025-06-15
U111,6583XXXX7610,763.77,2024-10-27
U440,2958XXXX4227,192.02,2025-04-14
U988,4463XXXX2719,890.21,2025-01-18
U983,5243XXXX3413,949.63,2025-09-20
U383,1792XXXX2730,611.23,2025-08-11
U202,6065XXXX0605,693.16,2025-05-12
U158,5296XXXX1593,222.49,2024-10-22
U111,5249XXXX9742,919.22,2025-02-28
U649,0664XXXX4415,650.36,2025-05-26
U588,3104XXXX0865,941.99,2025-03-24
U309,0453XXXX3991,329.9,2025-09-14
U300,3213XXXX3806,858.56,2025-09-21
U940,7324XXXX1506,344.5,2024-12-20
U881,4951XXXX9046,980.56,2025-07-13
U342,9385XXXX8016,464.94,2025-04-15
U106,2967XXXX4755,968.99,2025-01-22
U658,5406XXXX6845,290.69,2025-07-20
U690,1022XXXX0483,174.18,2024-11-22
U660,4019XXXX9049,815.38,2025-01-25
U195,8170XXXX0618,986.05,2024-10-24
U565,9478XXXX8055,229.44,2025-05-31
U681,2041XXXX1646,775.38,2025-08-24
U379,6199XXXX7851,72.6,2025-07-13
U497,5916XXXX1714,218.04,2025-05-02
U946,8260XXXX7898,799.02,2024-10-27
U311,3348XXXX9324,963.77,2024-12-30
U297,0424XXXX6449,96.99,2025-02-01
U134,8501XXXX4133,651.16,2024-11-06
U197,2315XXXX4314,922.94,2024-11-28
U300,1788XXXX9038,642.94,2024-12-03
U615,9200XXXX5627,673.79,2024-11-30
U263,5898XXXX2340,399.13,2025-01-10
U570,2243XXXX4202,933.4,2025-02-28
U930,4150XXXX6969,461.4,2025-03-01
U345,8553XXXX9445,349.01,2025-06-02
U566,7689XXXX9753,549.65,2024-11-24
U156,6860XXXX0103,150.73,2025-04-22
U470,4781XXXX0581,58.22,2024-11-10
U150,4912XXXX3443,331.99,2025-09-10
U567,5938XXXX2900,240.81,2024-10-27
U132,6832XXXX2889,609.38,2025-04-05
U715,8324XXXX6667,79.92,2025-07-01
U668,4664XXXX5181,306.69,2025-08-22
U236,3361XXXX8072,66.45,2025-05-05
U832,5735XXXX6012,466.76,2025-05-09
U158,2670XXXX8406,496.12,2025-07-18
